date,equity
2021-01-04,100000.0
2021-01-05,103577.48
2021-01-06,97066.27
2021-01-07,106471.37
2021-01-08,102492.29
2021-01-11,102854.05
2021-01-12,98513.22
2021-01-13,103577.48
2021-01-14,112259.1
2021-01-15,111897.39
2021-01-18,113344.33
2021-01-19,114429.52
2021-01-20,103215.77
2021-01-21,110088.73
2021-01-22,112259.1
2021-01-25,101045.35
2021-01-26,91278.54
2021-01-27,92002.01
2021-01-28,98513.22
2021-01-29,92002.01
2021-02-01,94534.14
2021-02-02,97097.29
2021-02-03,97058.57
2021-02-04,106604.55
2021-02-05,117104.78
2021-02-17,127286.92
2021-02-18,114559.24
2021-02-19,120922.63
2021-02-22,120604.55
2021-02-23,112649.86
2021-02-24,117422.86
2021-02-25,119014.15
2021-02-26,113286.02
2021-03-02,110740.49
2021-03-03,111377.54
2021-03-04,114559.24
2021-03-05,114559.24
2021-03-08,108194.95
2021-03-09,101802.46
2021-03-10,98425.87
2021-03-11,96429.03
2021-03-12,103694.6
2021-03-15,105064.1
2021-03-16,106890.1
2021-03-17,102325.1
2021-03-18,103694.6
2021-03-19,102781.6
2021-03-22,103238.1
2021-03-23,95477.6
2021-03-24,100499.1
2021-03-25,96390.6
2021-03-26,96847.1
2021-03-29,100955.6
2021-03-30,110998.6
2021-03-31,116933.1
2021-04-01,107803.1
2021-04-07,129715.1
2021-04-08,142497.1
2021-04-09,134736.6
2021-04-12,129715.1
2021-04-13,127889.1
2021-04-14,117846.1
2021-04-15,123324.1
2021-04-16,119672.1
2021-04-19,107803.1
2021-04-20,105064.1
2021-04-21,107803.1
2021-04-22,97303.6
2021-04-23,106890.1
2021-04-26,114194.1
2021-04-27,120128.6
2021-04-28,116020.1
2021-04-29,113281.1
2021-05-03,102325.1
2021-05-04,111911.6
2021-05-05,102325.1
2021-05-06,98673.1
2021-05-07,99247.84
2021-05-10,107037.08
2021-05-11,105545.88
2021-05-12,95107.48
2021-05-13,85601.08
2021-05-14,87725.23
2021-05-17,87690.24
2021-05-18,92084.19
2021-05-19,97118.77
2021-05-20,94422.96
2021-05-21,94385.3
2021-05-24,95112.53
2021-05-25,92962.2
2021-05-26,93172.58
2021-05-27,101389.83
2021-05-28,111449.88
2021-05-31,114803.23
2021-06-01,121767.88
2021-06-02,132343.83
2021-06-03,138276.68
2021-06-04,135439.23
2021-06-07,143435.68
2021-06-08,147562.88
2021-06-09,144467.48
2021-06-10,138792.58
2021-06-11,125121.23
2021-06-15,137502.83
2021-06-16,136728.98
2021-06-17,144467.48
2021-06-18,158912.68
2021-06-21,174389.68
2021-06-22,162523.98
2021-06-23,146531.08
2021-06-24,160976.28
2021-06-25,176969.18
2021-06-28,194509.78
2021-06-29,194509.78
2021-06-30,190382.58
2021-07-01,175679.43
2021-07-02,193220.03
2021-07-05,192446.18
2021-07-06,191930.28
2021-07-07,187803.08
2021-07-08,193993.88
2021-07-09,186771.28
2021-07-12,205343.68
2021-07-13,225721.73
2021-07-14,208181.13
2021-07-15,214887.83
2021-07-16,221852.48
2021-07-19,244036.18
2021-07-20,245583.88
2021-07-21,262092.68
2021-07-22,253580.33
2021-07-23,229581.87
2021-07-26,284529.06
2021-07-27,303814.95
2021-07-28,332073.78
2021-07-29,329248.15
2021-07-30,372816.35
2021-08-02,367351.65
2021-08-03,340619.16
2021-08-04,336517.66
2021-08-05,345284.94
2021-08-06,327481.94
2021-08-09,304993.94
2021-08-10,304993.94
2021-08-11,313762.33
2021-08-12,340230.19
2021-08-13,340444.66
2021-08-16,313983.89
2021-08-17,312916.77
2021-08-18,321969.42
2021-08-19,325096.79
2021-08-20,327735.13
2021-08-23,320000.55
2021-08-24,301214.43
2021-08-25,298596.78
2021-08-26,291811.3
2021-08-27,287242.13
2021-08-30,296143.09
2021-08-31,294245.09
2021-09-01,294245.09
2021-09-02,288551.09
2021-09-03,287127.59
2021-09-06,319393.59
2021-09-07,322240.59
2021-09-08,306582.09
2021-09-09,334577.59
2021-09-10,341695.09
2021-09-13,354981.09
2021-09-14,389619.59
2021-09-15,409548.59
2021-09-16,403380.09
2021-09-17,402905.59
2021-09-22,387721.59
2021-09-23,383451.09
2021-09-24,389241.23
2021-09-27,410002.96
2021-09-28,416948.48
2021-09-29,388331.59
2021-09-30,359855.42
2021-10-01,336694.17
2021-10-04,303606.92
2021-10-05,286804.59
2021-10-06,286804.59
2021-10-07,286804.59
2021-10-08,286804.59
2021-10-12,286804.59
2021-10-13,286804.59
2021-10-14,286804.59
2021-10-15,286804.59
2021-10-18,286804.59
2021-10-19,286804.59
2021-10-20,302615.22
2021-10-21,310896.22
2021-10-22,293060.22
2021-10-25,299111.72
2021-10-26,287008.72
2021-10-27,295289.72
2021-10-28,286053.22
2021-10-29,280957.22
2021-11-01,293060.22
2021-11-02,271402.22
2021-11-03,272039.22
2021-11-04,299111.72
2021-11-05,328732.22
2021-11-08,311214.72
2021-11-09,342109.22
2021-11-10,365041.22
2021-11-11,350390.22
2021-11-12,356760.22
2021-11-15,347205.22
2021-11-16,332554.22
2021-11-17,337013.22
2021-11-18,328732.22
2021-11-19,333191.22
2021-11-22,328732.22
2021-11-23,361219.22
2021-11-24,344657.22
2021-11-25,334465.22
2021-11-26,322999.22
2021-11-29,314081.22
2021-11-30,324910.22
2021-12-01,315553.13
2021-12-02,327362.28
2021-12-03,308607.28
2021-12-06,330772.28
2021-12-07,328214.78
2021-12-08,317132.28
2021-12-09,313722.28
2021-12-10,322247.28
2021-12-13,323952.28
2021-12-14,312017.28
2021-12-15,322247.28
2021-12-16,319689.78
2021-12-17,323952.28
2021-12-20,369987.28
2021-12-21,367429.78
2021-12-22,449269.78
2021-12-23,432219.78
2021-12-24,415169.78
2021-12-27,421989.78
2021-12-28,605277.28
2021-12-29,536224.78
2021-12-30,547307.28
2022-01-03,567767.28
2022-01-04,549864.78
2022-01-05,511502.28
2022-01-06,509797.28
2022-01-07,525142.28
2022-01-10,547307.28
2022-01-11,618064.78
2022-01-12,570324.78
2022-01-13,612949.78
2022-01-14,580554.78
2022-01-17,579702.28
2022-01-18,595899.78
2022-01-19,592489.78
2022-01-20,591637.28
2022-01-21,592489.78
2022-01-24,576032.67
2022-01-25,592553.33
2022-01-26,600972.68
2022-02-07,600732.99
2022-02-08,593431.74
2022-02-09,599126.96
2022-02-10,604972.86
2022-02-11,617744.32
2022-02-14,639943.13
2022-02-15,662141.94
2022-02-16,627695.72
2022-02-17,612384.93
2022-02-18,626165.04
2022-02-21,615448.31
2022-02-22,601668.2
2022-02-23,623869.03
2022-02-24,595545.5
2022-02-25,588942.82
2022-03-01,588942.82
2022-03-02,588942.82
2022-03-03,588942.82
2022-03-04,588942.82
2022-03-07,588707.93
2022-03-08,530098.73
2022-03-09,517130.42
2022-03-10,517130.42
2022-03-11,517130.42
2022-03-14,517130.42
2022-03-15,517130.42
2022-03-16,517130.42
2022-03-17,517130.42
2022-03-18,517130.42
2022-03-21,517130.42
2022-03-22,517130.42
2022-03-23,517130.42
2022-03-24,543809.85
2022-03-25,490039.4
2022-03-28,441645.02
2022-03-29,455087.86
2022-03-30,447694.88
2022-03-31,461809.72
2022-04-01,474579.66
2022-04-06,481973.53
2022-04-07,481301.52
2022-04-08,505498.26
2022-04-11,494744.35
2022-04-12,493062.89
2022-04-13,493062.89
2022-04-14,493062.89
2022-04-15,493062.89
2022-04-18,493062.89
2022-04-19,493062.89
2022-04-20,493062.89
2022-04-21,493062.89
2022-04-22,493062.89
2022-04-25,493062.89
2022-04-26,493062.89
2022-04-27,493062.89
2022-04-28,493062.89
2022-04-29,493062.89
2022-05-03,493062.89
2022-05-04,493062.89
2022-05-05,493062.89
2022-05-06,493062.89
2022-05-09,493062.89
2022-05-10,493062.89
2022-05-11,493062.89
2022-05-12,493062.89
2022-05-13,493062.89
2022-05-16,493062.89
2022-05-17,493062.89
2022-05-18,493062.89
2022-05-19,493062.89
2022-05-20,493062.89
2022-05-23,493062.89
2022-05-24,493062.89
2022-05-25,493062.89
2022-05-26,493062.89
2022-05-27,493062.89
2022-05-30,493062.89
2022-05-31,493062.89
2022-06-01,493062.89
2022-06-02,493062.89
2022-06-06,493062.89
2022-06-07,493062.89
2022-06-08,493062.89
2022-06-09,493062.89
2022-06-10,493062.89
2022-06-13,493062.89
2022-06-14,493062.89
2022-06-15,493062.89
2022-06-16,493062.89
2022-06-17,493062.89
2022-06-20,493062.89
2022-06-21,493062.89
2022-06-22,493062.89
2022-06-23,493062.89
2022-06-24,493062.89
2022-06-27,493062.89
2022-06-28,493062.89
2022-06-29,493062.89
2022-06-30,493062.89
2022-07-01,493062.89
2022-07-04,493062.89
2022-07-05,493062.89
2022-07-06,493062.89
2022-07-07,493062.89
2022-07-08,493062.89
2022-07-11,493062.89
2022-07-12,493062.89
2022-07-13,493062.89
2022-07-14,493062.89
2022-07-15,493062.89
2022-07-18,493062.89
2022-07-19,493062.89
2022-07-20,493062.89
2022-07-21,493062.89
2022-07-22,493062.89
2022-07-25,493062.89
2022-07-26,493062.89
2022-07-27,493062.89
2022-07-28,493062.89
2022-07-29,493062.89
2022-08-01,493062.89
2022-08-02,493062.89
2022-08-03,493062.89
2022-08-04,493062.89
2022-08-05,493062.89
2022-08-08,493062.89
2022-08-09,493062.89
2022-08-10,493062.89
2022-08-11,493062.89
2022-08-12,493062.89
2022-08-15,493062.89
2022-08-16,493062.89
2022-08-17,493062.89
2022-08-18,493062.89
2022-08-19,493062.89
2022-08-22,493062.89
2022-08-23,493062.89
2022-08-24,493062.89
2022-08-25,493062.89
2022-08-26,493062.89
2022-08-29,493062.89
2022-08-30,493062.89
2022-08-31,493062.89
2022-09-01,493062.89
2022-09-02,493062.89
2022-09-05,493062.89
2022-09-06,493062.89
2022-09-07,493062.89
2022-09-08,493062.89
2022-09-12,493062.89
2022-09-13,493062.89
2022-09-14,493062.89
2022-09-15,493062.89
2022-09-16,493062.89
2022-09-19,493062.89
2022-09-20,493062.89
2022-09-21,493062.89
2022-09-22,493062.89
2022-09-23,493062.89
2022-09-26,493062.89
2022-09-27,493062.89
2022-09-28,493062.89
2022-09-29,493062.89
2022-09-30,493062.89
2022-10-03,493062.89
2022-10-04,493062.89
2022-10-05,493062.89
2022-10-06,493062.89
2022-10-07,493062.89
2022-10-11,493062.89
2022-10-12,493062.89
2022-10-13,493062.89
2022-10-14,493062.89
2022-10-17,493062.89
2022-10-18,493062.89
2022-10-19,493062.89
2022-10-20,493062.89
2022-10-21,493062.89
2022-10-24,493062.89
2022-10-25,493062.89
2022-10-26,493062.89
2022-10-27,493062.89
2022-10-28,493062.89
2022-10-31,493062.89
2022-11-01,493062.89
2022-11-02,493062.89
2022-11-03,493062.89
2022-11-04,493062.89
2022-11-07,493062.89
2022-11-08,493062.89
2022-11-09,493062.89
2022-11-10,493062.89
2022-11-11,493062.89
2022-11-14,493062.89
2022-11-15,493062.89
2022-11-16,493062.89
2022-11-17,493062.89
2022-11-18,493062.89
2022-11-21,493062.89
2022-11-22,493062.89
2022-11-23,493062.89
2022-11-24,493062.89
2022-11-25,493062.89
2022-11-28,493062.89
2022-11-29,493062.89
2022-11-30,493062.89
2022-12-01,493062.89
2022-12-02,493062.89
2022-12-05,493062.89
2022-12-06,493062.89
2022-12-07,493062.89
2022-12-08,493062.89
2022-12-09,493062.89
2022-12-12,493062.89
2022-12-13,493062.89
2022-12-14,493062.89
2022-12-15,493062.89
2022-12-16,493062.89
2022-12-19,493062.89
2022-12-20,493062.89
2022-12-21,493062.89
2022-12-22,493062.89
2022-12-23,493062.89
2022-12-26,493062.89
2022-12-27,493062.89
2022-12-28,493062.89
2022-12-29,493062.89
2022-12-30,493062.89
2023-01-03,493062.89
2023-01-04,493062.89
2023-01-05,493062.89
2023-01-06,493062.89
2023-01-09,493062.89
2023-01-10,493062.89
2023-01-11,493062.89
2023-01-12,493062.89
2023-01-13,493062.89
2023-01-16,493062.89
2023-01-17,493062.89
2023-01-30,493062.89
2023-01-31,493062.89
2023-02-01,461710.25
2023-02-02,463126.29
2023-02-03,457462.13
2023-02-06,453921.25
2023-02-07,463126.29
2023-02-08,529687.19
2023-02-09,567216.15
2023-02-10,569340.21
2023-02-13,598372.15
2023-02-14,589167.11
2023-02-15,563675.27
2023-02-16,563675.27
2023-02-17,565800.11
2023-02-20,562967.25
2023-02-21,565800.11
2023-02-22,552346.17
2023-02-23,566508.13
2023-02-24,559427.15
2023-03-01,562259.23
2023-03-02,560135.17
2023-03-03,560135.17
2023-03-06,561551.21
2023-03-07,601204.23
2023-03-08,616074.21
2023-03-09,616074.21
2023-03-10,601912.25
2023-03-13,592707.21
2023-03-14,601912.25
2023-03-15,600572.09
2023-03-16,612708.59
2023-03-17,626043.74
2023-03-20,615059.6
2023-03-21,629780.6
2023-03-22,632238.75
2023-03-23,628626.35
2023-03-24,619595.35
2023-03-27,621401.55
2023-03-28,594308.55
2023-03-29,613273.65
2023-03-30,615079.85
2023-03-31,616886.05
2023-04-06,610564.35
2023-04-07,605145.75
2023-04-10,611467.45
2023-04-11,599727.15
2023-04-12,607855.05
2023-04-13,590696.15
2023-04-14,649397.65
2023-04-17,713517.75
2023-04-18,696358.85
2023-04-19,701777.45
2023-04-20,664750.35
2023-04-21,624110.85
2023-04-24,621989.73
2023-04-25,630487.29
2023-04-26,627618.19
2023-04-27,613807.58
2023-04-28,624524.27
2023-05-02,631898.2
2023-05-03,629750.5
2023-05-04,619837.74
2023-05-05,611805.55
2023-05-08,610105.55
2023-05-09,575161.55
2023-05-10,567881.55
2023-05-11,543857.55
2023-05-12,553321.55
2023-05-15,542009.12
2023-05-16,531748.44
2023-05-17,514336.82
2023-05-18,494246.66
2023-05-19,488218.82
2023-05-22,488888.45
2023-05-23,499603.73
2023-05-24,490228.86
2023-05-25,488888.45
2023-05-26,471477.96
2023-05-29,462101.95
2023-05-30,455405.61
2023-05-31,444020.69
2023-06-01,446029.59
2023-06-02,446029.59
2023-06-05,459423.41
2023-06-06,448038.5
2023-06-07,492237.76
2023-06-08,535766.25
2023-06-09,536435.88
2023-06-12,590010.02
2023-06-13,648941.23
2023-06-14,622823.23
2023-06-15,616796.52
2023-06-16,598715.26
2023-06-19,604741.97
2023-06-20,594027.83
2023-06-21,602733.07
2023-06-26,562552.75
2023-06-27,543132.22
2023-06-28,545810.76
2023-06-29,556526.04
2023-06-30,555969.22
2023-07-03,583532.3
2023-07-04,631383.9
2023-07-05,627524.9
2023-07-06,675376.5
2023-07-07,640645.5
2023-07-10,590478.5
2023-07-11,603855.17
2023-07-12,584438.19
2023-07-13,559700.6
2023-07-14,583356.6
2023-07-17,573122.5
2023-07-18,516835.47
2023-07-19,527069.57
2023-07-20,578239.38
2023-07-21,605529.96
2023-07-24,637937.77
2023-07-25,603824.45
2023-07-26,610647.18
2023-07-27,615764.06
2023-07-28,677167.96
2023-07-31,610647.18
2023-08-01,586767.62
2023-08-02,528775.43
2023-08-04,475899.77
2023-08-07,515129.96
2023-08-08,523578.42
2023-08-09,537907.49
2023-08-10,510445.69
2023-08-11,467192.1
2023-08-14,429056.48
2023-08-15,431652.26
2023-08-16,414099.74
2023-08-17,418727.28
2023-08-18,420343.63
2023-08-21,381447.19
2023-08-22,385998.8
2023-08-23,380560.89
2023-08-24,383217.28
2023-08-25,384204.85
2023-08-28,381354.22
2023-08-29,383064.45
2023-08-30,389147.31
2023-08-31,342541.33
2023-09-01,378062.53
2023-09-04,364400.53
2023-09-05,361668.13
2023-09-06,342996.73
2023-09-07,354837.13
2023-09-08,354837.13
2023-09-11,341630.53
2023-09-12,339353.53
2023-09-13,309752.53
2023-09-14,308699.96
2023-09-15,323767.24
2023-09-18,328988.94
2023-09-19,318070.84
2023-09-20,312374.44
2023-09-21,312849.14
2023-09-22,309893.5
2023-09-25,301165.91
2023-09-26,300142.33
2023-09-27,321659.83
2023-09-28,322225.3
2023-10-02,312977.8
2023-10-03,308196.27
2023-10-04,316575.13
2023-10-05,317919.6
2023-10-06,313664.26
2023-10-11,330999.56
2023-10-12,330999.56
2023-10-13,326871.02
2023-10-16,329347.13
2023-10-17,318619.01
2023-10-18,317792.8
2023-10-19,317792.8
2023-10-20,312427.47
2023-10-23,305606.76
2023-10-24,311280.4
2023-10-25,316408.59
2023-10-26,315865.29
2023-10-27,314791.68
2023-10-30,314791.68
2023-10-31,314791.68
2023-11-01,314791.68
2023-11-02,314791.68
2023-11-03,314791.68
2023-11-06,314791.68
2023-11-07,315052.58
2023-11-08,306507.72
2023-11-09,297960.48
2023-11-10,291357.41
2023-11-13,284365.51
2023-11-14,285140.8
2023-11-15,291746.25
2023-11-16,288637.94
2023-11-17,285140.8
2023-11-20,285529.64
2023-11-21,297960.48
2023-11-22,298738.15
2023-11-23,298349.31
2023-11-24,299904.66
2023-11-27,295241.01
2023-11-28,300291.11
2023-11-29,300679.95
2023-11-30,298738.15
2023-12-01,297571.64
2023-12-04,295629.84
2023-12-05,292135.09
2023-12-06,291746.25
2023-12-07,297571.64
2023-12-08,285918.47
2023-12-11,274265.3
2023-12-12,272709.96
2023-12-13,274265.3
2023-12-14,273876.47
2023-12-15,292910.37
2023-12-18,288637.94
2023-12-19,292910.37
2023-12-20,288637.94
2023-12-21,284754.35
2023-12-22,283976.68
2023-12-25,287084.98
2023-12-26,285529.64
2023-12-27,285140.8
2023-12-28,287084.98
2023-12-29,286307.31
2024-01-02,287084.98
2024-01-03,282423.71
2024-01-04,282423.71
2024-01-05,281646.04
2024-01-08,279526.21
2024-01-09,296555.84
2024-01-10,298963.28
2024-01-11,298844.05
2024-01-12,311299.61
2024-01-15,324657.28
2024-01-16,323907.55
2024-01-17,314334.84
2024-01-18,307888.46
2024-01-19,293891.09
2024-01-22,288845.79
2024-01-23,310288.31
2024-01-24,340560.11
2024-01-25,363263.96
2024-01-26,370831.91
2024-01-29,403626.36
2024-01-30,383445.16
2024-01-31,421284.91
2024-02-01,462908.64
2024-02-02,508316.34
2024-02-05,457863.34
2024-02-15,452818.04
2024-02-16,456602.01
2024-02-19,502009.71
2024-02-20,498225.74
2024-02-21,471737.91
2024-02-22,425068.89
2024-02-23,423807.56
2024-02-26,433898.16
2024-02-27,449034.06
2024-02-29,493180.44
2024-03-01,542372.11
2024-03-04,596609.09
2024-03-05,655891.36
2024-03-06,630664.86
2024-03-07,595347.76
2024-03-08,600393.06
2024-03-11,570121.26
2024-03-12,597870.41
2024-03-13,597870.41
2024-03-14,647062.09
2024-03-15,701299.06
2024-03-18,701299.06
2024-03-19,764365.31
2024-03-20,731570.86
2024-03-21,804727.71
2024-03-22,756797.36
2024-03-25,756797.36
2024-03-26,756797.36
2024-03-27,1006539.71
2024-03-28,920769.61
2024-03-29,966177.31
2024-04-01,1007801.04
2024-04-02,1022936.94
2024-04-03,1051947.41
2024-04-08,1050686.09
2024-04-09,971222.61
2024-04-10,1009062.36
2024-04-11,1009062.36
2024-04-12,991403.81
2024-04-15,1024198.26
2024-04-16,922030.94
2024-04-17,829954.21
2024-04-18,747968.09
2024-04-19,671260.53
2024-04-22,593631.82
2024-04-23,621877.02
2024-04-24,621877.02
2024-04-25,621877.02
2024-04-26,575287.03
2024-04-29,589632.37
2024-04-30,572984.11
2024-05-02,578206.46
2024-05-03,578952.51
2024-05-06,578952.51
2024-05-07,577460.41
2024-05-08,572238.06
2024-05-09,549110.51
2024-05-10,559555.21
2024-05-13,507331.71
2024-05-14,456600.31
2024-05-15,411091.26
2024-05-16,423774.11
2024-05-17,443171.41
2024-05-20,474505.51
2024-05-21,491664.66
2024-05-22,490172.56
2024-05-23,488680.46
2024-05-24,475997.61
2024-05-27,502855.41
2024-05-28,473013.41
2024-05-29,473013.41
2024-05-30,475997.61
2024-05-31,470029.21
2024-06-03,470029.21
2024-06-04,477489.71
2024-06-05,484950.21
2024-06-06,487188.36
2024-06-07,484950.21
2024-06-11,492410.71
2024-06-12,495394.91
2024-06-13,496887.01
2024-06-14,522252.71
2024-06-17,514792.21
2024-06-18,514792.21
2024-06-19,514046.16
2024-06-20,514046.16
2024-06-21,516284.31
2024-06-24,490918.61
2024-06-25,497633.06
2024-06-26,496887.01
2024-06-27,484950.21
2024-06-28,484950.21
2024-07-01,484950.21
2024-07-02,475997.61
2024-07-03,481966.01
2024-07-04,484204.16
2024-07-05,480473.91
2024-07-08,471521.31
2024-07-09,471521.31
2024-07-10,471521.31
2024-07-11,477489.71
2024-07-12,477489.71
2024-07-15,524490.86
2024-07-16,552094.71
2024-07-17,525236.91
2024-07-18,522252.71
2024-07-19,494648.86
2024-07-22,511808.01
2024-07-23,520477.64
2024-07-26,546525.86
2024-07-29,535540.49
2024-07-30,553214.4
2024-07-31,541430.39
2024-08-01,506384.47
2024-08-02,543874.74
2024-08-05,512702.62
2024-08-06,526384.96
2024-08-07,551355.73
2024-08-08,569293.71
2024-08-09,537530.66
2024-08-12,543386.25
2024-08-13,538969.83
2024-08-14,552484.46
2024-08-15,571837.51
2024-08-16,583827.36
2024-08-19,557310.53
2024-08-20,549425.47
2024-08-21,540226.26
2024-08-22,538911.86
2024-08-23,524455.86
2024-08-26,524455.86
2024-08-27,550739.6
2024-08-28,523141.72
2024-08-29,519199.06
2024-08-30,531026.79
2024-09-02,517884.92
2024-09-03,529712.66
2024-09-04,519199.06
2024-09-05,507371.32
2024-09-06,496857.71
2024-09-09,488620.61
2024-09-10,472235.34
2024-09-11,469285.65
2024-09-12,479708.53
2024-09-13,484422.83
2024-09-16,464059.68
2024-09-18,454983.18
2024-09-19,500365.68
2024-09-20,499357.18
2024-09-23,495323.18
2024-09-24,496331.68
2024-09-25,484229.68
2024-09-26,484229.68
2024-09-27,532637.68
2024-09-30,480195.68
2024-10-01,514484.68
2024-10-04,529612.18
2024-10-07,488263.68
2024-10-08,492297.68
2024-10-09,509442.18
2024-10-11,467085.18
2024-10-14,441872.68
2024-10-15,446915.18
2024-10-16,444898.18
2024-10-17,441872.68
2024-10-18,429770.68
2024-10-21,417668.68
2024-10-22,459017.18
2024-10-23,478178.68
2024-10-24,525578.18
2024-10-25,549782.18
2024-10-28,604241.18
2024-10-29,585079.68
2024-10-30,526586.68
2024-11-01,488263.68
2024-11-04,491629.94
2024-11-05,491433.87
2024-11-06,497907.37
2024-11-07,547341.37
2024-11-08,526155.37
2024-11-11,546164.37
2024-11-12,536748.37
2024-11-13,520858.87
2024-11-14,517916.37
2024-11-15,520848.1
2024-11-18,530529.27
2024-11-19,535682.74
2024-11-20,535469.11
2024-11-21,493333.55
2024-11-22,486092.81
2024-11-25,487950.8
2024-11-26,460565.8
2024-11-27,453072.75
2024-11-28,453072.75
2024-11-29,453072.75
2024-12-02,453072.75
2024-12-03,453072.75
2024-12-04,453072.75
2024-12-05,453072.75
2024-12-06,371132.05
2024-12-09,334084.55
2024-12-10,300869.55
2024-12-11,311728.3
2024-12-12,281068.3
2024-12-13,252963.3
2024-12-16,236355.8
2024-12-17,259989.55
2024-12-18,256157.05
2024-12-19,249130.8
2024-12-20,251047.05
2024-12-23,247214.55
2024-12-24,241465.8
2024-12-25,231245.8
2024-12-26,228052.05
2024-12-27,231884.55
2024-12-30,245937.05
2024-12-31,247853.3
2025-01-02,244020.8
2025-01-03,240188.3
2025-01-06,238098.81
2025-01-07,235347.07
2025-01-08,253354.27
2025-01-09,232690.27
2025-01-10,228852.67
2025-01-13,236232.67
2025-01-14,226604.07
2025-01-15,199631.31
2025-01-16,192255.21
2025-01-17,195012.54
2025-01-20,201530.74
2025-01-21,213433.54
2025-01-22,226753.34
2025-02-03,249425.34
2025-02-04,255093.34
2025-02-05,252259.34
2025-02-06,253676.34
2025-02-07,257927.34
2025-02-10,264445.54
2025-02-11,260761.34
2025-02-12,243473.94
2025-02-13,251125.74
2025-02-14,249708.74
2025-02-17,248291.74
2025-02-18,248575.14
2025-02-19,257927.34
2025-02-20,249425.34
2025-02-21,254243.14
2025-02-24,255376.74
2025-02-25,248008.34
2025-02-26,248575.14
2025-02-27,240073.14
2025-03-03,216267.54
2025-03-04,209465.94
2025-03-05,209036.52
2025-03-06,201627.21
2025-03-07,197900.31
2025-03-10,197900.31
2025-03-11,197900.31
2025-03-12,197900.31
2025-03-13,197900.31
2025-03-14,197900.31
2025-03-17,197900.31
2025-03-18,197900.31
2025-03-19,197900.31
2025-03-20,197900.31
2025-03-21,197900.31
2025-03-24,197900.31
2025-03-25,197900.31
2025-03-26,197900.31
2025-03-27,197900.31
2025-03-28,197900.31
2025-03-31,197900.31
2025-04-01,197900.31
2025-04-02,197900.31
2025-04-07,197900.31
2025-04-08,197900.31
2025-04-09,197900.31
2025-04-10,197900.31
2025-04-11,197900.31
2025-04-14,197900.31
2025-04-15,197900.31
2025-04-16,197900.31
2025-04-17,197900.31
2025-04-18,197900.31
2025-04-21,197900.31
2025-04-22,197900.31
2025-04-23,197900.31
2025-04-24,197900.31
2025-04-25,197900.31
2025-04-28,197900.31
2025-04-29,197900.31
2025-04-30,197900.31
2025-05-02,197900.31
2025-05-05,197900.31
2025-05-06,197900.31
2025-05-07,197900.31
2025-05-08,197900.31
2025-05-09,197900.31
2025-05-12,197900.31
2025-05-13,197900.31
2025-05-14,197900.31
2025-05-15,197900.31
2025-05-16,197900.31
2025-05-19,197900.31
2025-05-20,197900.31
2025-05-21,197900.31
2025-05-22,197900.31
2025-05-23,197900.31
2025-05-26,197900.31
2025-05-27,197900.31
2025-05-28,197900.31
2025-05-29,197900.31
2025-06-02,197900.31
2025-06-03,197900.31
2025-06-04,197900.31
2025-06-05,197900.31
2025-06-06,197900.31
2025-06-09,197900.31
2025-06-10,197900.31
2025-06-11,197900.31
2025-06-12,197900.31
2025-06-13,192557.39
2025-06-16,179773.39
2025-06-17,192557.39
2025-06-18,211357.39
2025-06-19,232413.39
2025-06-20,254973.39
2025-06-23,274525.39
2025-06-24,263245.39
2025-06-25,254973.39
2025-06-26,271517.39
2025-06-27,272269.39
2025-06-30,251213.39
2025-07-01,267757.39
2025-07-02,254221.39
2025-07-03,251213.39
2025-07-04,239933.39
2025-07-07,249709.39
2025-07-08,260237.39
2025-07-09,250461.39
2025-07-10,254221.39
2025-07-11,258733.39
2025-07-14,251965.39
2025-07-15,241437.39
2025-07-16,233165.39
2025-07-17,233917.39
2025-07-18,224141.39
2025-07-21,227149.39
2025-07-22,213613.39
2025-07-23,215869.39
2025-07-24,211357.39
2025-07-25,212109.39
2025-07-28,210605.39
2025-07-29,200829.39
2025-07-30,220381.39
2025-07-31,233165.39
2025-08-01,233165.39
2025-08-04,242189.39
2025-08-05,236173.39
2025-08-06,235421.39
2025-08-07,225645.39
2025-08-08,224893.39
2025-08-11,218877.39
2025-08-12,221133.39
2025-08-13,218125.39
2025-08-14,213613.39
2025-08-15,213613.39
2025-08-18,209101.39
2025-08-19,229405.39
2025-08-20,215117.39
2025-08-21,225645.39
2025-08-22,220381.39
2025-08-25,220381.39
2025-08-26,216621.39
2025-08-27,219629.39
2025-08-28,217373.39
2025-08-29,212861.39
2025-09-01,213613.39
2025-09-02,215869.39
2025-09-03,210605.39
2025-09-04,211388.59
2025-09-05,215705.3
2025-09-08,215216.3
2025-09-09,210815.3
2025-09-10,230375.3
2025-09-11,207392.3
2025-09-12,194678.3
2025-09-15,175607.3
2025-09-16,175607.3
2025-09-17,168272.3
2025-09-18,184898.3
2025-09-19,182453.3
2025-09-22,184898.3
2025-09-23,178541.3
2025-09-24,169250.3
2025-09-25,167294.3
2025-09-26,156536.3
2025-09-30,172184.3
2025-10-01,186854.3
2025-10-02,185876.3
2025-10-03,191744.3
2025-10-07,187343.3
2025-10-08,187832.3
2025-10-09,186365.3
2025-10-13,183920.3
2025-10-14,181475.3
2025-10-15,182942.3
2025-10-16,184409.3
2025-10-17,185387.3
2025-10-20,178052.3
2025-10-21,178541.3
2025-10-22,178541.3
2025-10-23,180986.3
2025-10-27,175607.3
2025-10-28,179519.3
2025-10-29,179519.3
2025-10-30,172184.3
2025-10-31,176096.3
2025-11-03,178052.3
2025-11-04,178052.3
2025-11-05,174140.3
2025-11-06,175607.3
2025-11-07,179030.3
2025-11-10,180497.3
2025-11-11,175118.3
2025-11-12,158003.3
2025-11-13,146756.3
2025-11-14,147734.3
2025-11-17,143822.3
2025-11-18,138932.3
2025-11-19,138460.26
2025-11-20,138880.64
2025-11-21,135090.72
2025-11-24,135036.85
2025-11-25,137420.64
2025-11-26,136674.49
2025-11-27,131157.33
2025-11-28,132660.42
2025-12-01,132882.62
2025-12-02,129105.22
2025-12-03,135549.02
2025-12-04,133327.02
2025-12-05,133327.02
2025-12-08,133327.02
2025-12-09,133327.02
2025-12-10,133327.02
2025-12-11,133771.42
2025-12-12,131993.82
2025-12-15,132216.02
2025-12-16,131993.82
2025-12-17,131993.82
2025-12-18,129327.42
2025-12-19,129330.75
2025-12-22,129443.01
2025-12-23,129279.16
2025-12-24,126493.71
2025-12-26,126493.71
2025-12-29,129279.16
2025-12-30,129115.31
2025-12-31,125182.91
2026-01-02,126002.16
2026-01-05,115024.21
2026-01-06,109944.86
2026-01-07,120922.81
2026-01-08,130753.81
2026-01-09,123544.41
2026-01-12,135833.16
2026-01-13,125674.46
2026-01-14,121414.36
2026-01-15,119775.86
2026-01-16,119284.31
2026-01-19,117481.96
2026-01-20,116007.31
2026-01-21,113058.01
2026-01-22,116498.86
2026-01-23,115679.61
2026-01-26,115351.91
2026-01-27,113221.86
2026-01-28,117973.51
2026-01-29,114696.51
2026-01-30,114696.51
2026-02-02,112894.16
2026-02-03,114696.51
2026-02-04,116007.31
2026-02-05,113713.41
2026-02-06,111583.36
2026-02-09,102243.91
2026-02-10,106012.46
2026-02-11,104537.81
2026-02-23,108142.51
2026-02-24,108797.91
2026-02-25,110436.41
2026-02-26,109781.01
2026-03-02,110600.26
2026-03-03,111255.66
2026-03-04,107814.81
2026-03-05,118465.06
2026-03-06,118792.76
2026-03-09,109944.86
2026-03-10,106831.71
2026-03-11,106995.56
2026-03-12,105848.61
2026-03-13,106176.31
2026-03-16,110764.11
2026-03-17,121742.06
2026-03-18,133866.96
2026-03-19,147138.81
2026-03-20,156642.11
2026-03-23,141076.36
2026-03-24,142719.66
2026-03-25,137729.25
2026-03-26,136833.63
2026-03-27,147166.12
2026-03-30,143481.27
2026-03-31,130290.1
2026-04-01,141350.51
2026-04-02,149442.16
2026-04-07,163628.3
2026-04-08,148743.1
2026-04-09,163563.1
2026-04-10,179903.1
2026-04-13,182563.1
2026-04-14,165843.1
2026-04-15,165843.1
2026-04-16,172303.1
2026-04-17,185603.1
2026-04-20,203843.1
2026-04-21,215243.1
2026-04-22,225503.1
2026-04-23,214483.1
2026-04-24,224363.1
2026-04-27,212963.1
2026-04-28,204983.1
2026-04-29,201563.1
2026-04-30,211443.1
2026-05-04,212583.1
2026-05-05,226263.1
2026-05-06,215243.1
2026-05-07,212963.1
2026-05-08,202323.1
2026-05-11,214483.1
2026-05-12,235763.1
2026-05-13,259323.1
2026-05-14,246783.1
2026-05-15,228163.1
2026-05-18,223983.1
2026-05-19,201943.1
2026-05-20,181803.1
2026-05-21,188263.1
2026-05-22,206883.1
2026-05-25,217143.1
2026-05-26,210683.1
2026-05-27,209923.1
2026-05-28,209163.1
2026-05-29,220183.1
2026-06-01,231963.1
2026-06-02,231963.1
2026-06-03,222083.1
2026-06-04,202323.1
2026-06-05,193203.1
2026-06-08,174203.1
2026-06-09,191303.1
2026-06-10,177243.1
2026-06-11,173443.1
