stock_id,name,buy_date,buy_price,shares,buy_cost,sell_date,sell_price,sell_net,pnl,ret_pct
3062,建漢,2006-01-03,42.15,2694,99987.28,2006-01-23,44.1,104215.67,4228.4,4.23
1808,潤隆,2006-01-24,28.88,23839,104227.54,2006-01-25,27.01,97077.45,-7150.09,-6.86
2466,冠西電,2006-02-03,19.23,6247,97069.62,2006-02-06,18.69,93987.28,-3082.33,-3.18
2383,台光電,2006-02-07,17.8,6928,93991.56,2006-02-27,13.5,71015.05,-22976.51,-24.45
2032,新鋼,2006-03-01,16.0,5713,71011.2,2006-03-08,15.55,68751.7,-2259.5,-3.18
1449,佳和,2006-03-09,3.02,1247,68744.72,2006-03-10,3.15,71389.06,2644.34,3.85
1449,佳和,2006-03-13,3.21,1221,71390.8,2006-03-14,3.12,69290.96,-2099.84,-2.94
1449,佳和,2006-03-15,3.26,1165,69284.32,2006-03-16,3.36,71153.88,1869.56,2.7
1449,佳和,2006-03-17,3.42,1142,71159.68,2006-03-20,3.3,68418.78,-2740.9,-3.85
1449,佳和,2006-03-21,3.25,1153,68378.03,2006-03-22,3.3,69077.81,699.77,1.02
1449,佳和,2006-03-23,3.44,1100,69093.81,2006-03-24,3.34,66817.88,-2275.93,-3.29
2485,兆赫,2006-03-27,42.0,2189,66842.6,2006-03-28,43.8,69442.75,2600.15,3.89
2485,兆赫,2006-03-29,43.5,2196,69451.39,2006-05-18,37.76,60057.36,-9394.02,-13.53
3043,科風,2006-05-19,128.0,135,59767.75,2006-05-22,145.28,67576.74,7808.99,13.07
3043,科風,2006-05-23,150.17,130,67521.28,2006-05-24,131.09,58719.88,-8801.4,-13.04
3043,科風,2006-05-25,121.31,140,58740.63,2006-05-26,112.99,54506.33,-4234.3,-7.21
3043,科風,2006-05-29,98.29,161,54731.77,2006-05-30,105.17,58340.66,3608.89,6.59
1432,大魯閣,2006-06-05,7.22,5058,58438.15,2006-06-06,7.72,62279.69,3841.54,6.57
1432,大魯閣,2006-06-07,6.84,5694,62280.19,2006-06-08,6.34,57552.26,-4727.93,-7.59
1432,大魯閣,2006-06-29,6.46,5568,57554.87,2006-07-18,5.87,52131.33,-5423.54,-9.42
2351,順德,2006-08-14,33.2,1569,52111.58,2006-08-30,39.0,60983.01,8871.43,17.02
1471,首利,2006-09-05,34.23,1847,60981.6,2006-12-15,33.74,59879.79,-1101.81,-1.81
2348,海悅,2006-12-18,32.5,100,59544.93,2007-01-31,32.9,60048.95,504.02,0.85
6197,佳必琪,2007-02-01,123.56,668,60388.84,2007-02-02,124.05,60398.31,9.47,0.02
6197,佳必琪,2007-02-05,129.44,637,60328.6,2007-02-06,131.89,61237.82,909.22,1.51
1324,地球,2007-02-07,18.75,3269,61318.21,2007-02-26,28.1,91546.67,30228.47,49.3
1324,地球,2007-02-27,28.1,3256,91530.11,2007-03-06,25.0,81123.32,-10406.78,-11.37
1324,地球,2007-03-07,25.05,3238,81144.26,2007-03-08,24.2,78093.26,-3051.01,-3.76
1324,地球,2007-03-09,24.7,3160,78083.14,2007-03-12,24.5,77156.85,-926.29,-1.19
1324,地球,2007-03-13,27.6,2794,77145.17,2007-03-14,27.85,77548.41,403.25,0.52
1324,地球,2007-03-15,30.0,2584,77550.93,2007-05-03,23.95,61676.45,-15874.48,-20.47
3005,神基,2007-05-04,28.0,2202,61680.6,2007-08-01,45.45,99740.73,38060.12,61.71
1734,杏輝,2007-08-02,44.6,2947,99753.3,2007-08-03,41.12,91612.73,-8140.57,-8.16
2497,怡利電,2007-08-06,84.59,1136,91560.06,2007-08-07,89.57,96577.89,5017.83,5.48
2497,怡利電,2007-08-08,78.62,1290,96632.97,2007-08-09,80.22,98215.87,1582.9,1.64
2497,怡利電,2007-08-10,84.79,1215,98157.69,2007-08-13,88.58,102146.35,3988.66,4.06
2497,怡利電,2007-08-14,81.51,1316,102199.47,2007-08-15,80.61,100692.61,-1506.86,-1.47
2497,怡利電,2007-08-16,79.62,1327,100662.98,2007-08-17,74.84,94263.88,-6399.1,-6.36
2617,台航,2007-08-20,61.6,1530,94285.6,2007-08-21,56.5,86151.17,-8134.43,-8.63
2539,櫻花建,2007-08-22,9.06,23478,86168.11,2007-08-23,8.32,78847.25,-7320.86,-8.5
2539,櫻花建,2007-08-24,7.74,25146,78846.56,2007-08-27,7.74,78547.22,-299.34,-0.38
2539,櫻花建,2007-08-28,7.74,25051,78548.68,2007-08-29,7.74,78250.47,-298.21,-0.38
2617,台航,2007-08-30,69.9,1119,78249.31,2007-10-25,93.8,104605.43,26356.12,33.68
3591,艾笛森,2007-10-26,132.68,1660,104585.69,2007-11-06,133.62,104927.8,342.11,0.33
2614,東森,2007-11-07,13.5,2118,104902.96,2007-11-08,12.3,95215.27,-9687.69,-9.23
3591,艾笛森,2007-11-09,130.81,1533,95228.24,2007-11-12,128.93,93501.17,-1727.07,-1.81
3591,艾笛森,2007-11-13,132.68,1484,93497.09,2007-11-14,132.68,93142.13,-354.96,-0.38
6116,彩晶,2007-11-15,14.1,3958,93157.02,2007-11-16,13.9,91486.66,-1670.36,-1.79
1432,大魯閣,2007-11-19,6.96,8212,91507.5,2007-11-20,6.69,87561.55,-3945.95,-4.31
2352,佳世達,2007-11-21,40.6,1947,87544.19,2007-11-22,38.4,82486.03,-5058.16,-5.78
5388,中磊,2007-12-07,32.5,2639,82501.66,2007-12-17,27.8,70302.81,-12198.85,-14.79
6283,淳安,2008-03-27,24.18,2010,70280.34,2008-05-08,24.27,70293.57,13.22,0.02
2028,威致,2008-05-09,22.7,1857,70284.47,2008-05-12,21.0,64774.08,-5510.39,-7.84
1708,東鹼,2008-05-13,55.7,1834,64780.16,2008-05-28,66.9,77510.45,12730.29,19.65
6283,淳安,2009-04-14,1.55,30078,77538.92,2009-06-11,11.46,572102.46,494563.54,637.83
6283,淳安,2009-06-12,11.65,29466,572092.52,2009-06-15,11.31,553367.05,-18725.47,-3.27
2545,皇翔,2009-06-16,59.4,10709,553364.11,2009-06-17,58.6,543838.35,-9525.77,-1.72
6283,淳安,2009-06-18,10.69,30546,543847.13,2009-06-19,10.49,531973.95,-11873.18,-2.18
6283,淳安,2009-06-22,10.73,29744,531963.5,2009-06-23,10.73,529943.91,-2019.59,-0.38
2527,宏璟,2009-06-24,18.45,28712,529947.76,2009-06-25,19.7,563703.84,33756.07,6.37
2527,宏璟,2009-06-26,21.05,26769,563712.28,2009-06-29,19.5,520221.24,-43491.04,-7.72
2527,宏璟,2009-06-30,20.8,25000,520207.48,2009-07-01,19.0,473385.47,-46822.01,-9.0
5310,天剛,2009-07-02,50.1,10592,473370.51,2009-08-11,59.9,563816.95,90446.44,19.11
4907,富宇,2009-08-12,25.65,15611,563841.3,2009-08-13,27.4,600024.56,36183.25,6.42
4907,富宇,2009-08-14,29.3,14543,600012.99,2009-08-20,25.3,516133.36,-83879.63,-13.98
4907,富宇,2009-08-21,25.4,14431,516141.53,2009-08-24,24.95,505072.48,-11069.05,-2.14
4907,富宇,2009-08-25,23.25,15427,505060.81,2009-08-26,23.0,497733.05,-7327.76,-1.45
4907,富宇,2009-08-27,21.4,16518,497748.76,2009-08-28,19.95,462262.07,-35486.7,-7.13
4907,富宇,2009-08-31,19.1,17187,462244.83,2009-09-01,17.3,417092.95,-45151.88,-9.77
3588,通嘉,2009-09-02,220.82,2606,416977.51,2009-11-02,161.15,303151.68,-113825.82,-27.3
4305,世坤,2009-11-03,30.3,10005,303272.46,2009-11-04,28.2,281182.0,-22090.45,-7.28
6240,松崗,2009-11-05,54.72,118,280544.45,2009-11-06,51.04,260683.98,-19860.47,-7.08
6240,松崗,2009-11-09,47.52,126,260148.08,2009-11-10,44.32,241708.53,-18439.54,-7.09
4305,世坤,2009-11-11,26.0,9338,242884.87,2010-01-26,22.8,212182.73,-30702.14,-12.64
5410,國眾,2010-01-27,46.8,5116,212166.35,2010-01-28,40.6,183359.81,-28806.55,-13.58
2429,銘旺科,2010-01-29,4.05,1756,183381.98,2010-02-01,4.33,195132.52,11750.54,6.41
2429,銘旺科,2010-02-02,4.63,1635,195137.91,2010-02-03,4.95,207855.45,12717.54,6.52
2429,銘旺科,2010-02-04,5.29,1524,207774.35,2010-02-05,4.62,180502.64,-27271.72,-13.13
1813,寶利徠,2010-02-23,46.65,3869,180560.87,2010-02-24,46.5,179296.99,-1263.87,-0.7
2429,銘旺科,2010-02-25,5.51,1264,179290.02,2010-02-26,5.89,191036.96,11746.93,6.55
2429,銘旺科,2010-03-01,6.3,1177,190992.64,2010-04-22,12.92,129063.6,-61929.04,-32.42
6283,淳安,2010-04-23,16.68,4425,129137.16,2010-04-26,16.83,129765.26,628.1,0.49
6603,富強鑫,2010-04-27,29.63,6505,129765.36,2010-05-04,28.01,122221.27,-7544.09,-5.81
6283,淳安,2010-05-05,15.47,4515,122215.61,2010-05-06,15.62,122892.74,677.12,0.55
3580,友威科,2010-07-28,37.22,1774,122850.95,2010-08-30,49.63,163179.4,40328.45,32.83
4702,中美實,2010-09-08,30.79,1703,163172.63,2010-10-14,13.75,72563.77,-90608.86,-55.53
3441,聯一光,2010-10-15,35.59,2153,72614.13,2010-10-21,35.59,72338.45,-275.68,-0.38
3441,聯一光,2010-10-22,34.53,2210,72320.82,2010-10-25,35.01,73049.49,728.67,1.01
3441,聯一光,2010-10-26,34.43,2239,73065.55,2010-11-18,29.91,63232.23,-9833.32,-13.46
3550,聯穎,2010-11-19,29.35,2218,63227.35,2010-11-22,29.2,62665.46,-561.88,-0.89
6101,寬魚國際,2010-11-23,38.1,1664,62646.8,2011-02-15,28.0,45864.99,-16781.81,-26.79
4712,南璋,2011-02-16,16.55,789,45875.92,2011-02-17,15.35,42387.98,-3487.95,-7.6
4712,南璋,2011-02-18,14.82,814,42396.35,2011-02-21,15.63,44514.56,2118.2,5.0
4712,南璋,2011-02-22,14.53,872,44498.21,2011-02-23,15.7,47915.26,3417.05,7.68
3615,安可,2011-02-24,101.36,561,47883.45,2011-02-25,108.24,50939.31,3055.86,6.38
3363,上詮,2011-03-01,63.72,800,50993.62,2011-03-02,61.87,49324.18,-1669.44,-3.27
3363,上詮,2011-03-03,64.3,766,49274.37,2011-03-04,67.03,51169.77,1895.4,3.85
3363,上詮,2011-03-07,64.3,796,51204.18,2011-03-15,48.91,38798.36,-12405.81,-24.23
3363,上詮,2011-03-16,43.6,890,38817.88,2011-03-17,40.58,35991.58,-2826.3,-7.28
3363,上詮,2011-03-18,44.33,811,35965.0,2011-03-21,43.74,35356.04,-608.96,-1.69
3363,上詮,2011-03-22,46.76,756,35368.07,2011-03-23,46.76,35233.79,-134.27,-0.38
3363,上詮,2011-03-24,46.47,758,35239.98,2011-05-19,50.17,37902.92,2662.94,7.56
6506,雙邦,2011-05-20,23.17,1992,37899.77,2011-05-23,23.17,37755.88,-143.89,-0.38
6506,雙邦,2011-05-24,24.13,1905,37754.63,2011-05-25,22.78,35505.07,-2249.56,-5.96
6506,雙邦,2011-05-26,22.78,1898,35509.42,2011-05-27,22.93,35599.51,90.09,0.25
6506,雙邦,2011-05-30,22.2,1953,35609.58,2011-05-31,21.72,34703.05,-906.53,-2.55
6506,雙邦,2011-06-01,21.67,1950,34704.54,2011-06-15,20.61,32878.74,-1825.79,-5.26
5011,久陽,2011-06-16,35.82,917,32862.98,2011-06-17,34.31,31359.72,-1503.27,-4.57
5011,久陽,2011-06-20,35.45,884,31346.85,2011-06-21,33.94,29898.95,-1447.9,-4.62
3632,研勤,2011-07-05,53.34,522,29875.69,2011-07-14,81.32,45375.23,15499.54,51.88
4702,中美實,2011-07-25,27.0,540,45365.62,2011-08-05,26.6,44533.65,-831.97,-1.83
4130,健亞,2012-02-16,43.78,1168,44567.63,2012-04-03,37.86,38394.6,-6173.03,-13.85
2719,燦星旅,2012-04-05,10.03,241,38359.24,2012-04-06,9.75,37152.13,-1207.11,-3.15
6199,天品,2012-05-07,13.2,1703,37201.55,2012-05-10,14.3,40148.73,2947.18,7.92
6143,振曜,2012-08-14,35.8,1121,40147.81,2012-08-31,38.5,43011.8,2863.99,7.13
5301,寶得利,2012-09-12,2.64,1964,43006.36,2012-10-12,4.93,79987.04,36980.68,85.99
5487,通泰,2012-12-04,19.0,4209,80002.91,2013-01-29,18.25,76553.16,-3449.75,-4.31
5345,馥鴻,2013-01-30,7.59,1935,76523.39,2013-03-20,5.97,59962.0,-16561.4,-21.64
3338,泰碩,2013-03-21,20.38,2942,59993.07,2013-03-22,19.28,56520.75,-3472.31,-5.79
3338,泰碩,2013-03-25,20.38,2771,56506.05,2013-03-26,20.47,56532.61,26.56,0.05
3338,泰碩,2013-03-27,20.75,2723,56531.88,2013-03-28,20.38,55316.43,-1215.45,-2.15
3338,泰碩,2013-03-29,20.13,2747,55323.02,2013-04-11,21.16,57929.77,2606.75,4.71
3338,泰碩,2013-04-12,23.34,2481,57940.32,2013-04-15,24.07,59520.38,1580.06,2.73
3338,泰碩,2013-04-16,24.07,2471,59506.39,2013-04-17,23.93,58921.92,-584.47,-0.98
3338,泰碩,2013-04-18,23.26,2533,58933.23,2013-04-19,22.91,57827.47,-1105.76,-1.88
3338,泰碩,2013-04-22,21.78,2654,57823.2,2013-06-04,24.45,64657.57,6834.37,11.82
2540,愛山林,2013-06-05,36.18,9608,64659.77,2013-06-06,31.39,55883.61,-8776.15,-13.57
2540,愛山林,2013-06-07,34.23,8779,55886.58,2013-06-10,34.18,55595.66,-290.92,-0.52
5364,力麗店,2013-06-11,2.18,637,55566.71,2013-06-13,2.04,51827.09,-3739.62,-6.73
5364,力麗店,2013-06-14,2.48,521,51785.18,2013-06-17,2.66,55196.13,3410.95,6.59
5364,力麗店,2013-06-18,2.83,487,55175.73,2013-06-19,2.52,48896.39,-6279.34,-11.38
5364,力麗店,2013-06-20,2.3,531,48903.74,2013-06-21,2.14,45408.91,-3494.83,-7.15
4413,飛寶企業,2013-06-24,7.81,1746,45471.06,2013-06-25,7.1,41169.95,-4301.11,-9.46
3437,榮創,2013-07-01,53.0,776,41144.41,2013-08-05,58.1,44932.35,3787.94,9.21
3437,榮創,2013-08-06,57.38,783,44946.47,2013-08-07,55.48,43293.18,-1653.28,-3.68
3665,貿聯-KY,2013-08-08,125.11,408,43312.19,2013-08-09,131.54,45364.86,2052.67,4.74
3665,貿聯-KY,2013-08-12,135.49,394,45297.73,2013-08-13,132.52,44137.59,-1160.14,-2.56
3665,貿聯-KY,2013-08-14,146.37,356,44215.18,2013-08-15,141.92,42708.02,-1507.16,-3.41
3665,貿聯-KY,2013-08-16,152.3,330,42647.56,2013-08-19,149.34,41658.0,-989.57,-2.32
3665,貿聯-KY,2013-08-20,139.45,352,41650.61,2013-08-22,133.02,39579.69,-2070.92,-4.97
2488,漢平,2013-09-03,31.8,1246,39638.61,2013-11-07,28.3,35141.95,-4496.66,-11.34
1760,寶齡富錦,2013-11-08,332.1,163,35091.32,2013-11-11,345.89,36410.36,1319.04,3.76
1760,寶齡富錦,2013-11-12,368.06,152,36266.42,2013-11-13,355.74,34919.58,-1346.84,-3.71
1760,寶齡富錦,2013-11-14,348.85,155,35052.35,2013-11-15,344.91,34524.7,-527.65,-1.51
4934,太極,2013-11-18,25.62,757,34586.67,2013-11-19,24.73,33258.08,-1328.58,-3.84
4934,太極,2013-11-20,25.03,745,33249.87,2013-11-21,24.73,32730.87,-519.0,-1.56
4934,太極,2013-11-22,24.73,742,32723.31,2013-11-25,24.68,32533.85,-189.46,-0.58
3661,世芯-KY,2013-11-26,65.0,500,32512.97,2014-02-07,73.0,36375.94,3862.97,11.88
3232,昱捷,2014-02-10,25.8,1411,36423.41,2014-02-11,24.62,34618.21,-1805.2,-4.96
3232,昱捷,2014-02-12,25.07,1380,34616.06,2014-02-13,24.71,33983.07,-632.99,-1.83
4946,辣椒,2014-02-14,130.0,95,33989.37,2014-03-25,96.2,25056.64,-8932.72,-26.28
5301,寶得利,2014-03-26,13.86,217,24950.69,2014-04-30,28.68,51424.24,26473.55,106.1
5301,寶得利,2014-05-02,30.69,202,51406.88,2014-05-05,32.81,54759.5,3352.62,6.52
5301,寶得利,2014-05-06,30.53,216,54693.77,2014-05-14,32.35,57730.01,3036.24,5.55
5301,寶得利,2014-05-15,32.97,211,57686.84,2014-05-16,34.2,59616.17,1929.33,3.34
5301,寶得利,2014-05-19,34.04,211,59573.78,2014-07-22,23.11,40281.19,-19292.6,-32.38
6228,全譜,2014-07-23,23.85,441,40533.53,2014-07-30,21.25,35977.64,-4555.88,-11.24
6242,立康,2014-07-31,48.25,999,35975.65,2014-08-01,55.31,41082.02,5106.37,14.19
6242,立康,2014-08-04,55.4,994,41103.88,2014-08-05,57.05,42162.73,1058.85,2.58
6242,立康,2014-08-06,57.82,977,42163.62,2014-08-07,58.01,42144.05,-19.57,-0.05
3490,單井,2014-08-08,89.2,473,42145.78,2014-08-11,83.9,39491.12,-2654.66,-6.3
3490,單井,2014-08-12,93.4,423,39465.31,2014-08-13,96.1,40452.01,986.7,2.5
4989,榮科,2014-08-14,9.07,4015,40478.51,2014-08-15,2.83,12581.85,-27896.66,-68.92
2221,大甲,2014-08-18,27.0,465,12560.01,2014-08-19,26.0,12048.91,-511.1,-4.07
2221,大甲,2014-08-20,25.2,478,12050.41,2014-09-15,21.7,10337.34,-1713.06,-14.22
5222,全訊,2014-09-16,34.0,641,10351.15,2014-09-17,34.28,10396.62,45.47,0.44
5222,全訊,2014-09-18,33.07,662,10397.41,2014-09-19,32.74,10255.81,-141.6,-1.36
5222,全訊,2014-09-22,31.67,682,10258.92,2014-09-23,31.67,10219.97,-38.95,-0.38
5222,全訊,2014-09-24,31.3,687,10212.55,2014-09-25,27.35,8889.96,-1322.59,-12.95
5222,全訊,2014-09-26,27.01,693,8891.41,2014-09-29,28.5,9346.35,454.94,5.12
3490,單井,2014-09-30,163.5,57,9309.38,2014-10-01,158.0,8962.07,-347.32,-3.73
3490,單井,2014-10-02,170.0,53,9000.22,2014-10-03,173.0,9124.28,124.06,1.38
3490,單井,2014-10-06,171.0,53,9053.16,2014-10-07,167.5,8834.19,-218.97,-2.42
3490,單井,2014-10-08,171.5,52,8908.32,2014-10-09,161.0,8331.16,-577.16,-6.48
6259,百徽,2014-11-25,31.5,44,8268.6,2014-12-15,43.5,11375.19,3106.59,37.57
3321,同泰,2014-12-25,14.99,77,11337.48,2015-03-31,20.51,15452.1,4114.62,36.29
6103,合邦,2015-04-01,10.2,231,15494.71,2015-04-02,9.5,14376.57,-1118.14,-7.22
6103,合邦,2015-04-07,9.3,236,14433.33,2015-04-22,8.2,12677.85,-1755.49,-12.16
3465,進泰電子,2015-04-23,10.19,622,12677.75,2015-05-12,10.19,12629.62,-48.13,-0.38
9106,新焦點-DR,2015-05-13,5.48,2304,12630.96,2015-05-14,5.4,12399.31,-231.65,-1.83
9106,新焦點-DR,2015-05-15,5.98,2073,12401.49,2015-05-18,6.6,13635.3,1233.81,9.95
9106,新焦點-DR,2015-05-19,7.06,1930,13631.24,2015-05-20,7.5,14425.8,794.56,5.83
9106,新焦點-DR,2015-05-21,6.31,2286,14430.42,2015-05-22,6.5,14808.49,378.08,2.62
9106,新焦點-DR,2015-05-27,5.98,2475,14806.41,2015-05-28,6.2,15292.84,486.44,3.29
9106,新焦點-DR,2015-05-29,5.76,2654,15293.14,2015-06-04,7.0,18514.85,3221.71,21.07
6294,智基,2015-06-05,134.0,234,18486.0,2015-06-08,126.5,17385.08,-1100.92,-5.96
6294,智基,2015-06-09,140.0,211,17415.37,2015-06-10,150.5,18650.45,1235.07,7.09
6294,智基,2015-06-25,139.5,226,18586.81,2015-07-09,137.5,18250.78,-336.02,-1.81
3064,泰偉,2016-03-08,52.0,33,17999.3,2016-04-08,49.5,17068.9,-930.4,-5.17
8455,大拓-KY,2016-04-11,60.7,286,17367.13,2016-04-12,54.7,15591.03,-1776.1,-10.23
8455,大拓-KY,2016-04-13,52.7,296,15605.42,2016-04-14,56.4,16637.66,1032.23,6.61
8455,大拓-KY,2016-04-15,56.7,293,16619.73,2016-04-21,62.0,18104.25,1484.53,8.93
8455,大拓-KY,2016-04-22,69.6,260,18103.22,2016-04-25,65.0,16842.56,-1260.66,-6.96
8455,大拓-KY,2016-04-26,54.8,307,16830.31,2016-04-27,58.0,17745.48,915.16,5.44
8455,大拓-KY,2016-04-28,60.0,296,17767.09,2016-04-29,61.0,17994.63,227.54,1.28
6225,天瀚,2016-05-30,3.1,913,17990.45,2016-06-29,3.51,20292.43,2301.98,12.8
3530,晶相光,2016-06-30,180.04,112,20172.53,2016-08-24,133.0,14845.37,-5327.16,-26.41
3313,斐成,2016-08-25,17.5,855,14968.47,2016-09-05,16.0,13633.5,-1334.97,-8.92
2429,銘旺科,2016-09-06,18.0,556,13640.34,2016-09-19,15.0,11323.8,-2316.54,-16.98
4903,聯光通,2016-09-20,34.65,225,11326.4,2016-11-04,32.6,10615.83,-710.57,-6.27
3485,敘豐,2016-11-07,18.0,631,10619.17,2016-11-08,17.84,10484.84,-134.33,-1.26
3485,敘豐,2016-11-09,17.7,633,10475.33,2016-11-10,18.2,10730.29,254.96,2.43
5201,凱衛,2016-11-11,34.0,315,10714.27,2016-11-14,34.15,10720.69,6.41,0.06
5201,凱衛,2016-11-15,38.4,279,10717.87,2016-11-16,39.45,10969.14,251.26,2.34
5201,凱衛,2016-11-17,41.0,268,10992.38,2016-11-18,40.5,10817.11,-175.28,-1.59
6283,淳安,2016-11-21,25.0,454,10813.83,2016-11-22,25.0,10772.77,-41.05,-0.38
5201,凱衛,2016-11-23,45.0,239,10759.29,2016-12-22,29.9,7121.81,-3637.48,-33.81
4712,南璋,2016-12-23,4.75,375,7127.84,2016-12-26,4.67,6988.66,-139.18,-1.95
4712,南璋,2016-12-27,4.61,379,6995.34,2016-12-28,4.5,6798.81,-196.53,-2.81
4712,南璋,2016-12-29,4.72,360,6806.71,2016-12-30,4.95,7103.77,297.06,4.36
4712,南璋,2017-01-03,4.83,368,7105.23,2017-03-14,3.65,5354.54,-1750.7,-24.64
6165,浪凡,2017-03-15,39.9,134,5348.73,2017-04-14,39.05,5214.91,-133.82,-2.5
2496,卓越,2017-04-17,256.0,24,5063.4,2017-04-18,263.0,5182.1,118.7,2.34
2496,卓越,2017-04-19,281.5,23,5335.77,2017-04-20,259.0,4890.65,-445.12,-8.34
2496,卓越,2017-04-21,263.0,22,4768.36,2017-04-24,245.0,4425.15,-343.22,-7.2
2496,卓越,2017-04-25,251.0,22,4550.79,2017-08-14,182.0,3451.61,-1099.18,-24.15
6550,北極星藥業-KY,2017-08-15,51.61,66,3407.45,2017-08-16,53.25,3502.69,95.24,2.79
6550,北極星藥業-KY,2017-08-17,51.71,68,3517.59,2017-08-18,50.26,3405.85,-111.73,-3.18
9935,慶豐富,2017-08-21,24.88,138,3434.53,2017-08-22,23.32,3206.82,-227.71,-6.63
9935,慶豐富,2017-08-23,24.68,129,3185.36,2017-08-24,26.98,3468.02,282.66,8.87
9935,慶豐富,2017-08-25,31.22,111,3466.75,2017-09-27,28.49,3151.4,-315.35,-9.1
6165,浪凡,2017-09-28,47.85,66,3159.36,2017-09-29,47.85,3147.37,-11.99,-0.38
8121,越峰,2017-10-02,23.5,134,3150.48,2017-10-03,22.56,3012.23,-138.25,-4.39
6180,橘子,2017-10-05,79.0,38,3003.2,2017-11-14,91.0,3446.25,443.05,14.75
1475,業旺,2017-11-15,122.43,28,3429.29,2017-11-16,119.58,3336.82,-92.47,-2.7
1475,業旺,2017-11-17,124.32,27,3358.08,2017-11-20,121.48,3268.72,-89.36,-2.66
1475,業旺,2017-11-21,121.48,27,3281.18,2017-11-30,116.26,3128.27,-152.91,-4.66
1475,業旺,2017-12-01,113.88,27,3076.11,2017-12-04,125.27,3370.87,294.77,9.58
1475,業旺,2017-12-05,121.48,28,3402.7,2017-12-06,116.73,3257.37,-145.33,-4.27
1475,業旺,2017-12-07,115.78,28,3243.2,2017-12-08,114.83,3204.41,-38.8,-1.2
1475,業旺,2017-12-11,105.34,30,3161.55,2017-12-12,114.83,3433.29,271.74,8.6
3046,建碁,2017-12-13,15.3,229,3505.01,2017-12-14,15.3,3491.7,-13.31,-0.38
3046,建碁,2017-12-15,15.3,228,3489.7,2017-12-18,15.4,3499.04,9.34,0.27
3046,建碁,2017-12-19,16.04,218,3499.14,2017-12-20,15.5,3367.15,-131.99,-3.77
3046,建碁,2017-12-21,15.95,211,3365.82,2017-12-22,16.39,3447.04,81.22,2.41
3046,建碁,2017-12-25,15.4,224,3450.75,2018-02-08,18.03,4025.37,574.62,16.65
6150,撼訊,2018-03-01,288.0,15,3928.84,2018-03-02,268.5,3648.92,-279.92,-7.12
6150,撼訊,2018-03-05,309.5,13,3659.19,2018-03-06,305.0,3592.29,-66.89,-1.83
5386,青雲,2018-03-09,100.48,76,3655.77,2018-04-02,86.06,3119.21,-536.56,-14.68
4931,新盛力,2018-04-03,15.05,209,3146.71,2018-04-09,14.99,3122.26,-24.44,-0.78
4931,新盛力,2018-04-10,16.0,195,3121.24,2018-04-11,16.0,3109.4,-11.85,-0.38
4931,新盛力,2018-04-12,16.8,185,3109.24,2018-04-25,15.7,2894.63,-214.61,-6.9
2492,華新科,2018-05-11,270.0,10,2701.08,2018-06-22,337.5,3363.53,662.45,24.53
2349,錸德,2018-06-25,14.65,95,3546.19,2018-06-26,13.15,3171.01,-375.18,-10.58
2702,華園,2018-07-18,26.35,185,3185.51,2018-08-17,17.3,2083.32,-1102.19,-34.6
5310,天剛,2018-08-30,68.3,13,1952.09,2018-09-12,64.9,1847.41,-104.69,-5.36
3176,基亞,2018-09-27,49.0,40,1961.0,2018-10-08,50.8,2024.9,63.9,3.26
6291,沛亨,2019-03-20,13.5,101,2046.25,2019-05-13,13.5,2038.11,-8.14,-0.4
6712,長聖,2019-05-14,185.53,16,1932.58,2019-05-15,181.45,1882.44,-50.14,-2.59
6712,長聖,2019-05-16,194.49,15,1899.31,2019-05-17,193.69,1883.83,-15.48,-0.82
6712,長聖,2019-05-20,179.3,16,1867.72,2019-05-21,171.99,1784.24,-83.48,-4.47
6248,沛波,2019-05-22,24.43,77,1882.22,2019-05-23,24.43,1874.57,-7.64,-0.41
6248,沛波,2019-06-04,30.79,61,1879.24,2019-06-05,31.93,1941.17,61.93,3.3
6248,沛波,2019-06-06,29.24,66,1930.54,2019-08-02,26.26,1727.06,-203.48,-10.54
2387,精元,2019-08-05,39.15,44,1723.6,2019-08-06,36.15,1584.83,-138.77,-8.05
2387,精元,2019-08-07,37.0,43,1592.0,2019-08-08,35.5,1520.92,-71.08,-4.46
2387,精元,2019-08-12,39.25,38,1492.5,2019-08-13,37.05,1402.68,-89.82,-6.02
2387,精元,2019-08-14,40.0,36,1441.0,2019-08-15,38.5,1380.84,-60.16,-4.17
3680,家登,2019-08-16,76.03,18,1369.51,2019-08-19,76.81,1377.36,7.85,0.57
3680,家登,2019-08-20,76.03,18,1369.51,2019-08-21,72.92,1307.57,-61.94,-4.52
6683,雍智科技,2019-08-22,201.5,6,1210.0,2019-08-23,221.0,1321.02,111.02,9.18
6683,雍智科技,2019-08-26,205.0,7,1436.0,2019-08-27,215.0,1499.48,63.48,4.42
6683,雍智科技,2019-08-28,208.0,7,1457.0,2019-08-29,200.5,1398.29,-58.71,-4.03
6231,系微,2019-08-30,75.5,22,1385.17,2019-12-04,60.7,1108.49,-276.67,-19.97
6667,信紘科,2019-12-05,78.61,14,1101.58,2020-01-09,60.98,850.22,-251.36,-22.82
6606,建德工業,2020-01-10,19.4,47,912.8,2020-02-04,21.0,983.04,70.24,7.69
1475,業旺,2020-02-07,12.48,78,974.42,2020-02-11,10.2,792.38,-182.05,-18.68
9103,美德醫療-DR,2020-02-14,3.97,202,802.94,2020-02-25,3.68,740.13,-62.81,-7.82
6606,建德工業,2020-02-26,20.17,36,727.12,2020-02-27,21.6,774.27,47.15,6.48
6606,建德工業,2020-03-02,20.9,37,774.3,2020-03-03,21.6,795.8,21.5,2.78
3373,熱映,2020-03-04,50.9,17,787.64,2020-03-05,55.0,846.45,58.81,7.47
3373,熱映,2020-03-06,58.6,16,853.36,2020-03-09,62.9,911.16,57.8,6.77
4743,合一,2020-06-04,169.77,7,899.64,2020-08-25,335.14,1767.63,867.98,96.48
4768,晶呈科技,2020-08-26,157.07,13,1679.89,2020-09-02,170.52,1816.17,136.29,8.11
4768,晶呈科技,2020-09-03,167.15,14,1925.14,2020-09-09,153.7,1763.02,-162.12,-8.42
6244,茂迪,2020-09-10,25.53,45,1749.89,2020-09-11,25.09,1712.29,-37.6,-2.15
3043,科風,2020-09-14,14.95,23,1720.25,2020-09-25,12.0,1374.86,-345.39,-20.08
9105,泰金寶-DR,2020-09-28,5.38,256,1379.51,2020-10-05,3.93,1002.8,-376.71,-27.31
4198,欣大健康,2020-10-06,13.1,15,983.5,2020-11-03,9.14,682.44,-301.06,-30.61
5603,陸海,2020-11-04,21.85,43,702.68,2021-02-02,15.6,498.47,-204.21,-29.06
3086,華義*,2021-02-03,152.5,46,499.24,2021-03-09,160.5,521.81,22.56,4.52
3219,倚強科,2021-03-10,122.0,4,489.0,2021-03-11,116.0,461.61,-27.39,-5.6
6485,點序,2021-03-12,105.5,4,423.0,2021-05-07,109.0,433.69,10.69,2.53
2014,中鴻,2021-05-10,53.2,9,479.8,2021-05-14,47.2,422.53,-57.27,-11.94
2014,中鴻,2021-05-17,37.25,12,448.0,2021-05-18,39.25,468.59,20.59,4.6
2014,中鴻,2021-05-19,42.65,11,470.15,2021-05-20,43.9,480.45,10.3,2.19
5475,德宏,2021-05-21,17.95,26,467.7,2021-05-24,18.15,469.48,1.78,0.38
5475,德宏,2021-05-25,18.0,26,469.0,2021-05-26,17.7,457.82,-11.18,-2.38
5475,德宏,2021-05-27,18.05,26,470.3,2021-07-23,44.65,1156.42,686.12,145.89
8227,巨有科技,2021-07-26,40.65,28,1139.2,2021-07-27,54.0,1506.46,367.26,32.24
8227,巨有科技,2021-07-28,53.5,28,1499.0,2021-07-29,58.2,1623.71,124.71,8.32
8227,巨有科技,2021-07-30,62.5,26,1626.0,2021-08-02,70.0,1813.54,187.54,11.53
8227,巨有科技,2021-08-03,87.0,21,1828.0,2021-08-04,80.0,1673.96,-154.04,-8.43
8227,巨有科技,2021-08-05,71.8,23,1652.4,2021-08-11,67.2,1539.96,-112.44,-6.8
8227,巨有科技,2021-08-12,68.4,22,1505.8,2021-08-13,74.5,1633.08,127.28,8.45
8227,巨有科技,2021-08-16,69.8,24,1676.2,2021-08-17,64.4,1539.96,-136.24,-8.13
8476,台境*,2021-08-18,39.29,39,1533.19,2021-08-19,40.97,1592.11,58.92,3.84
8227,巨有科技,2021-08-20,58.7,27,1585.9,2021-08-23,58.0,1560.3,-25.6,-1.61
8227,巨有科技,2021-08-24,60.0,26,1561.0,2021-08-25,56.2,1455.82,-105.18,-6.74
8227,巨有科技,2021-08-26,58.2,25,1456.0,2021-08-27,56.2,1399.79,-56.21,-3.86
8227,巨有科技,2021-08-30,60.5,23,1392.5,2021-09-24,82.3,1886.22,493.72,35.46
8121,越峰,2021-09-27,43.98,43,1892.02,2021-09-28,47.29,2026.25,134.23,7.09
8121,越峰,2021-09-29,49.18,41,2017.33,2021-09-30,42.61,1740.59,-276.73,-13.72
5321,美而快,2021-10-01,125.0,21,1727.31,2021-10-05,100.0,1375.9,-351.4,-20.34
1727,中華化,2021-10-20,45.0,31,1396.0,2021-12-01,49.7,1535.08,139.08,9.96
6517,保勝光學,2021-12-02,18.5,85,1573.5,2022-01-24,33.9,2871.71,1298.21,82.5
4304,勝昱,2022-01-25,13.75,208,2861.14,2022-01-26,14.4,2985.02,123.88,4.33
6517,保勝光學,2022-02-07,34.15,87,2972.24,2022-02-08,33.85,2934.94,-37.3,-1.25
4304,勝昱,2022-02-09,15.0,197,2956.18,2022-02-10,15.35,3013.67,57.49,1.94
8440,綠電,2022-02-11,29.87,100,2987.96,2022-02-25,29.19,2908.79,-79.17,-2.65
2924,宏太-KY,2022-03-07,34.15,85,2903.91,2022-03-09,30.1,2549.8,-354.1,-12.19
8440,綠電,2022-03-24,58.15,44,2559.51,2022-04-12,55.65,2440.35,-119.16,-4.66
4949,有成精密,2023-02-01,69.6,38,2405.36,2023-03-15,85.1,2929.82,524.46,21.8
8227,巨有科技,2023-03-16,194.0,15,2911.16,2023-03-17,203.0,3034.65,123.49,4.24
8227,巨有科技,2023-03-20,204.0,15,3061.22,2023-03-21,206.0,3079.5,18.28,0.6
2453,凌群,2023-03-22,69.7,44,3068.02,2023-04-24,69.1,3030.07,-37.96,-1.24
3629,地心引力,2023-04-25,85.3,36,3072.03,2023-04-26,86.4,3099.83,27.8,0.91
3629,地心引力,2023-04-27,87.9,35,3077.73,2023-04-28,87.8,3062.55,-15.17,-0.49
6148,驊宏資,2023-05-02,36.85,84,3096.64,2023-05-03,37.3,3122.55,25.92,0.84
6148,驊宏資,2023-05-04,42.35,73,3092.78,2023-05-05,41.3,3004.65,-88.13,-2.85
3664,安瑞-KY,2023-05-08,42.0,72,3025.21,2023-05-15,37.35,2680.06,-345.15,-11.41
3308,聯德,2023-05-16,40.45,56,2669.62,2023-06-30,41.65,2738.38,68.76,2.58
6125,廣運,2023-07-03,72.0,38,2737.09,2023-07-11,78.5,2972.86,235.77,8.61
4533,協易機,2023-07-12,33.05,90,2975.69,2023-07-13,30.75,2758.09,-217.59,-7.31
4979,華星光,2023-07-14,162.54,17,2764.26,2023-08-08,152.63,2585.85,-178.41,-6.45
2329,華泰,2023-08-09,46.8,55,2575.03,2023-08-10,45.8,2510.44,-64.59,-2.51
3483,力致,2023-08-11,158.33,18,2479.15,2023-08-14,133.59,2083.67,-395.48,-15.95
2329,華泰,2023-08-15,46.5,46,2140.0,2023-08-16,45.05,2065.08,-74.92,-3.5
2329,華泰,2023-08-17,47.5,43,2043.5,2023-08-18,48.4,2073.96,30.46,1.49
3306,鼎天,2023-08-21,71.6,29,2077.4,2023-08-22,66.0,1907.26,-170.14,-8.19
6725,矽科宏晟,2023-08-23,146.0,13,1899.0,2023-08-24,145.5,1884.83,-14.17,-0.75
2363,矽統,2023-08-25,21.84,37,1913.62,2023-08-30,22.26,1942.77,29.15,1.52
8045,達運光電,2023-08-31,85.4,22,1879.8,2023-09-14,68.0,1490.51,-389.29,-20.71
4542,科嶠,2023-09-15,65.0,23,1496.0,2023-09-22,65.5,1500.98,4.98,0.33
4542,科嶠,2023-09-25,64.8,24,1556.2,2023-09-26,63.0,1506.46,-49.74,-3.2
3715,定穎投控,2023-09-27,72.1,20,1443.0,2023-09-28,77.7,1548.34,105.34,7.3
4542,科嶠,2023-10-02,77.7,20,1555.0,2023-10-03,74.6,1486.52,-68.48,-4.4
2025,千興,2023-10-04,7.61,124,1537.66,2023-10-05,7.88,1585.41,47.75,3.11
2025,千興,2023-10-06,7.7,127,1593.45,2023-10-23,7.43,1531.0,-62.45,-3.92
2025,千興,2023-10-24,7.38,127,1527.27,2023-10-25,7.67,1580.48,53.21,3.48
2025,千興,2023-10-26,7.59,128,1583.07,2023-10-27,7.58,1574.24,-8.83,-0.56
2025,千興,2023-11-07,8.1,119,1570.66,2024-01-08,7.22,1393.92,-176.74,-11.25
3086,華義*,2024-01-09,163.0,99,1398.15,2024-01-10,175.0,1494.5,96.35,6.89
6140,訊達,2024-01-11,42.0,42,1492.76,2024-01-12,43.9,1553.56,60.8,4.07
6140,訊達,2024-01-15,43.85,42,1558.47,2024-01-16,45.8,1620.84,62.38,4.0
5314,世紀*,2024-01-17,120.0,270,1621.0,2024-01-18,114.5,1540.11,-80.89,-4.99
5314,世紀*,2024-01-19,122.0,252,1538.2,2024-04-19,267.0,3352.77,1814.57,117.97
2359,所羅門,2024-04-22,92.8,36,3342.13,2024-04-23,86.3,3096.24,-245.89,-7.36
2359,所羅門,2024-04-26,114.0,27,3079.23,2024-04-29,108.5,2919.54,-159.69,-5.19
2724,藝舍-KY,2024-04-30,39.5,74,2924.17,2024-07-23,35.0,2581.2,-342.97,-11.73
6144,得利影,2024-07-26,85.2,30,2557.02,2024-07-29,88.0,2631.03,74.01,2.89
6144,得利影,2024-07-30,80.8,33,2667.46,2024-07-31,82.0,2696.8,29.34,1.1
6144,得利影,2024-08-01,83.9,32,2685.87,2024-08-02,84.6,2698.0,12.13,0.45
6144,得利影,2024-08-05,84.3,32,2698.68,2024-08-06,81.9,2611.89,-86.78,-3.22
4510,高鋒,2024-08-07,39.7,66,2621.25,2024-08-08,43.1,2834.93,213.69,8.15
4510,高鋒,2024-08-09,40.6,70,2843.13,2024-08-12,38.9,2713.74,-129.39,-4.55
4510,高鋒,2024-08-13,38.8,70,2717.08,2024-08-14,39.6,2762.58,45.49,1.67
4510,高鋒,2024-08-15,39.5,69,2726.59,2024-08-16,41.9,2881.27,154.69,5.67
9906,欣巴巴,2024-08-19,217.48,13,2828.38,2024-09-09,182.7,2367.02,-461.36,-16.31
8080,泰霖,2024-09-10,36.2,67,2426.4,2024-09-11,34.9,2330.29,-96.11,-3.96
4569,六方科-KY,2024-09-12,221.0,10,2211.0,2024-09-13,229.0,2282.13,71.13,3.22
4569,六方科-KY,2024-09-16,240.0,10,2401.0,2024-11-04,244.5,2436.66,35.66,1.49
4991,環宇-KY,2024-11-05,83.5,29,2422.5,2024-11-15,88.8,2566.45,143.95,5.94
3447,展達,2024-11-18,89.5,29,2596.54,2024-11-19,92.4,2670.49,73.96,2.85
3447,展達,2024-11-20,90.0,29,2611.04,2024-11-21,83.2,2404.56,-206.48,-7.91
8032,光菱,2024-11-22,84.0,29,2437.0,2024-11-25,83.4,2410.34,-26.66,-1.09
8044,網家,2024-11-26,57.4,42,2411.8,2024-11-27,53.5,2239.26,-172.54,-7.15
8101,華冠,2024-12-06,35.45,64,2269.8,2025-01-06,18.7,1192.21,-1077.59,-47.48
2466,冠西電,2025-01-07,80.6,14,1129.4,2025-01-14,77.0,1073.77,-55.63,-4.93
2466,冠西電,2025-01-15,77.5,14,1086.0,2025-01-16,66.0,920.23,-165.77,-15.26
2466,冠西電,2025-01-17,67.8,14,950.2,2025-03-05,74.0,1031.89,81.69,8.6
4971,IET-KY,2025-03-06,171.0,6,1027.0,2025-03-07,162.5,971.08,-55.92,-5.45
6925,意藍,2025-06-13,131.5,7,921.5,2025-09-04,141.0,983.04,61.54,6.68
6727,亞泰金屬,2025-09-05,216.0,4,865.0,2025-11-19,142.0,565.3,-299.7,-34.65
4304,勝昱,2025-11-20,29.1,26,757.6,2025-11-21,28.5,737.78,-19.82,-2.62
4304,勝昱,2025-11-24,28.4,26,739.4,2025-11-25,29.0,750.74,11.34,1.53
4304,勝昱,2025-11-26,29.8,25,746.0,2025-11-27,28.55,710.61,-35.39,-4.74
4304,勝昱,2025-11-28,29.5,24,709.0,2025-12-19,29.2,697.7,-11.3,-1.59
6465,威潤,2025-12-22,39.45,18,711.1,2026-03-24,43.7,783.24,72.14,10.14
5386,青雲,2026-03-25,332.5,2,666.0,2026-03-26,320.0,637.08,-28.92,-4.34
6217,中探針,2026-03-27,171.0,4,685.0,2026-03-30,180.0,716.84,31.84,4.65
6217,中探針,2026-03-31,180.0,4,721.0,2026-04-01,178.0,708.86,-12.14,-1.68
6217,中探針,2026-04-02,182.0,4,729.0,2026-04-07,211.5,842.46,113.46,15.56
