stock_id,name,type,industry
1101,台泥,twse,水泥工業
1102,亞泥,twse,水泥工業
1103,嘉泥,twse,水泥工業
1104,環泥,twse,水泥工業
1107,建台,twse,其他
1108,幸福,twse,水泥工業
1109,信大,twse,水泥工業
1110,東泥,twse,水泥工業
1201,味全,twse,食品工業
1203,味王,twse,食品工業
1210,大成,twse,食品工業
1213,大飲,twse,食品工業
1215,卜蜂,twse,食品工業
1216,統一,twse,食品工業
1217,愛之味,twse,食品工業
1218,泰山,twse,食品工業
1219,福壽,twse,食品工業
1220,台榮,twse,食品工業
1225,福懋油,twse,食品工業
1227,佳格,twse,食品工業
1229,聯華,twse,食品工業
1230,聯成食,twse,電器電纜
1231,聯華食,twse,食品工業
1232,大統益,twse,食品工業
1233,天仁,twse,食品工業
1234,黑松,twse,食品工業
1235,興泰,twse,食品工業
1236,宏亞,twse,食品工業
1240,茂生農經,tpex,農業科技業
1256,鮮活果汁-KY,twse,食品工業
1258,其祥-KY,tpex,食品工業
1259,安心,tpex,觀光餐旅
1262,綠悅-KY,twse,其他
1264,德麥,tpex,食品工業
1268,漢來美食,tpex,觀光餐旅
1294,漢田生技,tpex,食品工業
1295,生合,tpex,食品工業
1301,台塑,twse,塑膠工業
1303,南亞,twse,塑膠工業
1304,台聚,twse,塑膠工業
1305,華夏,twse,塑膠工業
1307,三芳,twse,塑膠工業
1308,亞聚,twse,塑膠工業
1309,台達化,twse,塑膠工業
1310,台苯,twse,塑膠工業
1311,福聚,twse,塑膠工業
1312,國喬,twse,塑膠工業
1313,聯成,twse,塑膠工業
1314,中石化,twse,塑膠工業
1315,達新,twse,塑膠工業
1316,上曜,twse,建材營造
1319,東陽,twse,汽車工業
1321,大洋,twse,塑膠工業
1323,永裕,twse,塑膠工業
1324,地球,twse,塑膠工業
1325,恆大,twse,塑膠工業
1326,台化,twse,塑膠工業
1336,台翰,tpex,電子零組件業
1337,再生-KY,twse,塑膠工業
1338,廣華-KY,twse,汽車工業
1339,昭輝,twse,汽車工業
1340,勝悅-KY,twse,塑膠工業
1341,富林-KY,twse,塑膠工業
1342,八貫,twse,其他
1402,遠東新,twse,紡織纖維
1409,新纖,twse,紡織纖維
1410,南染,twse,紡織纖維
1413,宏洲,twse,紡織纖維
1414,東和,twse,紡織纖維
1416,廣豐,twse,其他
1417,嘉裕,twse,紡織纖維
1418,東華,twse,紡織纖維
1419,新紡,twse,紡織纖維
1423,利華,twse,紡織纖維
1432,大魯閣,twse,運動休閒
1434,福懋,twse,紡織纖維
1435,中福,twse,其他
1436,華友聯,twse,建材營造
1437,勤益控,twse,其他
1438,三地開發,twse,建材營造
1439,雋揚,twse,建材營造
1440,南紡,twse,紡織纖維
1441,大東,twse,紡織纖維
1442,名軒,twse,建材營造
1443,立益物流,twse,其他
1444,力麗,twse,紡織纖維
1445,大宇,twse,紡織纖維
1446,宏和,twse,紡織纖維
1447,力鵬,twse,紡織纖維
1449,佳和,twse,紡織纖維
1451,年興,twse,紡織纖維
1452,宏益,twse,紡織纖維
1453,大將,twse,建材營造
1454,台富,twse,紡織纖維
1455,集盛,twse,紡織纖維
1456,怡華,twse,建材營造
1457,宜進,twse,紡織纖維
1459,聯發,twse,紡織纖維
1460,宏遠,twse,紡織纖維
1463,強盛新,twse,紡織纖維
1464,得力,twse,紡織纖維
1465,偉全,twse,紡織纖維
1466,聚隆,twse,紡織纖維
1467,南緯,twse,紡織纖維
1468,昶和,twse,紡織纖維
1469,理隆,twse,紡織纖維
1470,大統新創,twse,紡織纖維
1471,首利,twse,電子零組件業
1472,三洋實業,twse,建材營造
1473,台南,twse,紡織纖維
1474,弘裕,twse,紡織纖維
1475,業旺,twse,紡織纖維
1476,儒鴻,twse,紡織纖維
1477,聚陽,twse,紡織纖維
1503,士電,twse,電機機械
1504,東元,twse,電機機械
1506,正道,twse,電機機械
1507,永大,twse,電機機械
1512,瑞利,twse,汽車工業
1513,中興電,twse,電機機械
1514,亞力,twse,電機機械
1515,力山,twse,電機機械
1516,川飛,twse,其他
1517,利奇,twse,電機機械
1519,華城,twse,電機機械
1520,復盛,twse,其他
1521,大億,twse,汽車工業
1522,堤維西,twse,汽車工業
1523,開億,twse,電機機械
1524,耿鼎,twse,汽車工業
1525,江申,twse,汽車工業
1526,日馳,twse,電機機械
1527,鑽全,twse,電機機械
1528,恩德,twse,電機機械
1529,樂事綠能,twse,電機機械
1530,亞崴,twse,電機機械
1531,高林股,twse,電機機械
1532,勤美,twse,電機機械
1533,車王電,twse,汽車工業
1535,中宇,twse,電機機械
1536,和大,twse,汽車工業
1537,廣隆,twse,電機機械
1538,正峰,twse,電機機械
1539,巨庭,twse,電機機械
1540,喬福,twse,電機機械
1541,錩泰,twse,電機機械
1558,伸興,twse,電機機械
1560,中砂,twse,電機機械
1563,巧新,twse,汽車工業
1565,精華,tpex,生技醫療業
1568,倉佑,twse,汽車工業
1569,濱川,tpex,電腦及週邊設備業
1570,力肯,tpex,電機機械
1580,新麥,tpex,電機機械
1582,信錦,twse,電子零組件業
1583,程泰,twse,電機機械
1584,精剛,tpex,其他
1586,和勤,tpex,電機機械
1587,吉茂,twse,汽車工業
1589,永冠-KY,twse,電機機械
1590,亞德客-KY,twse,電機機械
1591,駿吉-KY,tpex,電機機械
1592,英瑞-KY,twse,汽車工業
1593,祺驊,tpex,運動休閒類
1595,川寶,tpex,半導體業
1597,直得,twse,電機機械
1598,岱宇,twse,運動休閒
1599,宏佳騰,tpex,電機機械
1601,台光,twse,電器電纜
1603,華電,twse,電器電纜
1604,聲寶,twse,電器電纜
1605,華新,twse,電器電纜
1606,歌林,twse,電器電纜
1608,華榮,twse,電器電纜
1609,大亞,twse,電器電纜
1611,中電,twse,電器電纜
1612,宏泰,twse,電器電纜
1613,台一,twse,電器電纜
1614,三洋電,twse,電器電纜
1615,大山,twse,電器電纜
1616,億泰,twse,電器電纜
1617,榮星,twse,電器電纜
1618,合機,twse,電器電纜
1623,大東電,twse,電器電纜
1626,艾美特-KY,twse,電器電纜
1701,中化,twse,化學生技醫療
1702,南僑,twse,食品工業
1704,榮化,twse,化學生技醫療
1707,葡萄王,twse,化學生技醫療
1708,東鹼,twse,化學工業
1709,和益,twse,化學工業
1710,東聯,twse,化學生技醫療
1711,永光,twse,化學生技醫療
1712,興農,twse,化學生技醫療
1713,國化,twse,化學生技醫療
1714,和桐,twse,化學生技醫療
1715,萬洲,twse,塑膠工業
1716,永信,twse,生技醫療業
1717,長興,twse,化學生技醫療
1718,中纖,twse,化學生技醫療
1720,生達,twse,生技醫療業
1721,三晃,twse,化學生技醫療
1722,台肥,twse,化學生技醫療
1723,中碳,twse,化學生技醫療
1724,台硝,twse,化學生技醫療
1725,元禎,twse,化學生技醫療
1726,永記,twse,化學生技醫療
1727,中華化,twse,化學工業
1729,必翔,twse,化學生技醫療
1730,花仙子,twse,化學生技醫療
1731,美吾華,twse,生技醫療業
1732,毛寶,twse,化學生技醫療
1733,五鼎,twse,生技醫療業
1734,杏輝,twse,生技醫療業
1735,日勝化,twse,化學生技醫療
1736,喬山,twse,運動休閒
1737,臺鹽,twse,食品工業
1742,台蠟,tpex,化學工業
1752,南光,twse,生技醫療業
1760,寶齡富錦,twse,生技醫療業
1762,中化生,twse,生技醫療業
1773,勝一,twse,化學生技醫療
1776,展宇,twse,化學生技醫療
1777,生泰,tpex,生技醫療業
1781,合世,tpex,生技醫療業
1783,和康生,twse,化學生技醫療
1784,訊聯,tpex,生技醫療業
1785,光洋科,tpex,其他電子類
1786,科妍,twse,生技醫療業
1788,杏昌,tpex,生技醫療業
1789,神隆,twse,生技醫療業
1795,美時,twse,生技醫療業
1796,金穎生技,tpex,食品工業
1799,易威,tpex,生技醫療業
1802,台玻,twse,玻璃陶瓷
1805,寶徠,twse,建材營造
1806,冠軍,twse,玻璃陶瓷
1808,潤隆,twse,建材營造
1809,中釉,twse,玻璃陶瓷
1810,和成,twse,玻璃陶瓷
1813,寶利徠,tpex,生技醫療業
1815,富喬,tpex,電子零組件業
1817,凱撒衛,twse,玻璃陶瓷
1902,台紙,twse,造紙工業
1903,士紙,twse,造紙工業
1904,正隆,twse,造紙工業
1905,華紙,twse,造紙工業
1906,寶隆,twse,造紙工業
1907,永豐餘,twse,造紙工業
1909,榮成,twse,造紙工業
2002,中鋼,twse,鋼鐵工業
2006,東和鋼鐵,twse,鋼鐵工業
2007,燁興,twse,鋼鐵工業
2008,高興昌,twse,鋼鐵工業
2009,第一銅,twse,鋼鐵工業
2010,春源,twse,鋼鐵工業
2012,春雨,twse,鋼鐵工業
2013,中鋼構,twse,鋼鐵工業
2014,中鴻,twse,鋼鐵工業
2015,豐興,twse,鋼鐵工業
2017,官田鋼,twse,鋼鐵工業
2020,美亞,twse,鋼鐵工業
2022,聚亨,twse,鋼鐵工業
2023,燁輝,twse,鋼鐵工業
2024,志聯,twse,鋼鐵工業
2025,千興,twse,鋼鐵工業
2027,大成鋼,twse,鋼鐵工業
2028,威致,twse,鋼鐵工業
2029,盛餘,twse,鋼鐵工業
2030,彰源,twse,鋼鐵工業
2031,新光鋼,twse,鋼鐵工業
2032,新鋼,twse,鋼鐵工業
2033,佳大,twse,鋼鐵工業
2034,允強,twse,鋼鐵工業
2035,唐榮,tpex,鋼鐵工業
2038,海光,twse,鋼鐵工業
2049,上銀,twse,電機機械
2059,川湖,twse,電子工業
2061,風青,tpex,電器電纜
2062,橋椿,twse,居家生活
2063,世鎧,tpex,鋼鐵工業
2064,晉椿,tpex,鋼鐵工業
2065,世豐,tpex,鋼鐵工業
2066,世德,tpex,電機機械
2067,嘉鋼,tpex,電機機械
2069,運錩,twse,鋼鐵工業
2070,精湛,tpex,電機機械
2072,世紀風電,twse,綠能環保
2073,雄順,tpex,鋼鐵工業
2101,南港,twse,橡膠工業
2102,泰豐,twse,橡膠工業
2103,台橡,twse,橡膠工業
2104,國際中橡,twse,橡膠工業
2105,正新,twse,橡膠工業
2106,建大,twse,橡膠工業
2107,厚生,twse,橡膠工業
2108,南帝,twse,橡膠工業
2109,華豐,twse,橡膠工業
2114,鑫永銓,twse,橡膠工業
2115,六暉-KY,twse,汽車工業
2201,裕隆,twse,汽車工業
2204,中華,twse,汽車工業
2206,三陽工業,twse,汽車工業
2207,和泰車,twse,汽車工業
2208,台船,twse,航運業
2211,長榮鋼,twse,鋼鐵工業
2221,大甲,tpex,其他
2227,裕日車,twse,汽車工業
2228,劍麟,twse,汽車工業
2230,泰茂,tpex,居家生活類
2231,為升,twse,汽車工業
2233,宇隆,twse,汽車工業
2235,謚源,tpex,電機機械
2236,百達-KY,twse,汽車工業
2239,英利-KY,twse,汽車工業
2241,艾姆勒,twse,汽車工業
2243,宏旭-KY,twse,汽車工業
2247,汎德永業,twse,汽車工業
2248,華勝-KY,twse,汽車工業
2250,IKKA-KY,twse,汽車工業
2254,巨鎧精密-創,twse,汽車工業
2258,鴻華先進-創,twse,汽車工業
2301,光寶科,twse,電腦及週邊設備業
2302,麗正,twse,電子工業
2303,聯電,twse,半導體業
2305,全友,twse,電腦及週邊設備業
2308,台達電,twse,電子零組件業
2311,日月光,twse,半導體業
2312,金寶,twse,電子工業
2313,華通,twse,電子零組件業
2314,台揚,twse,電子工業
2315,神達,twse,電子工業
2316,楠梓電,twse,電子零組件業
2317,鴻海,twse,電子工業
2321,東訊,twse,電子工業
2323,中環,twse,電子工業
2324,仁寶,twse,電腦及週邊設備業
2325,矽品,twse,半導體業
2327,國巨*,twse,電子零組件業
2328,廣宇,twse,電子零組件業
2329,華泰,twse,電子工業
2330,台積電,twse,電子工業
2331,精英,twse,電腦及週邊設備業
2332,友訊,twse,電子工業
2336,致伸,twse,電腦及週邊設備業
2337,旺宏,twse,電子工業
2338,光罩,twse,電子工業
2340,台亞,twse,電子工業
2341,英群,twse,電腦及週邊設備業
2342,茂矽,twse,電子工業
2344,華邦電,twse,電子工業
2345,智邦,twse,通信網路業
2347,聯強,twse,電子通路業
2348,海悅,twse,其他
2349,錸德,twse,電子工業
2350,環電,twse,電子工業
2351,順德,twse,電子工業
2352,佳世達,twse,電腦及週邊設備業
2353,宏碁,twse,電子工業
2354,鴻準,twse,其他電子業
2355,敬鵬,twse,電子工業
2356,英業達,twse,電腦及週邊設備業
2357,華碩,twse,電腦及週邊設備業
2358,廷鑫,twse,其他
2359,所羅門,twse,電子工業
2360,致茂,twse,電子工業
2361,鴻友,twse,電腦及週邊設備業
2362,藍天,twse,電腦及週邊設備業
2363,矽統,twse,電子工業
2364,倫飛,twse,電腦及週邊設備業
2365,昆盈,twse,電腦及週邊設備業
2367,燿華,twse,電子零組件業
2368,金像電,twse,電子零組件業
2369,菱生,twse,電子工業
2371,大同,twse,電機機械
2373,震旦行,twse,其他電子業
2374,佳能,twse,光電業
2375,凱美,twse,電子工業
2376,技嘉,twse,電腦及週邊設備業
2377,微星,twse,電腦及週邊設備業
2379,瑞昱,twse,電子工業
2380,虹光,twse,電腦及週邊設備業
2381,華宇,twse,電子工業
2382,廣達,twse,電腦及週邊設備業
2383,台光電,twse,電子零組件業
2384,勝華,twse,光電業
2385,群光,twse,電子零組件業
2387,精元,twse,電腦及週邊設備業
2388,威盛,twse,電子工業
2390,云辰,twse,電子工業
2391,合勤,twse,通信網路業
2392,正崴,twse,電子零組件業
2393,億光,twse,電子工業
2395,研華,twse,電腦及週邊設備業
2396,精碟,twse,光電業
2397,友通,twse,電子工業
2399,映泰,twse,電腦及週邊設備業
2401,凌陽,twse,電子工業
2402,毅嘉,twse,電子零組件業
2403,友尚,twse,電子工業
2404,漢唐,twse,電子工業
2405,輔信,twse,電腦及週邊設備業
2406,國碩,twse,電子工業
2408,南亞科,twse,電子工業
2409,友達,twse,電子工業
2411,飛瑞,twse,其他電子業
2412,中華電,twse,電子工業
2413,環科,twse,電子零組件業
2414,精技,twse,電子通路業
2415,錩新,twse,電子零組件業
2417,圓剛,twse,電腦及週邊設備業
2418,雅新,twse,電子工業
2419,仲琦,twse,電子工業
2420,新巨,twse,電子零組件業
2421,建準,twse,電子零組件業
2423,固緯,twse,電子工業
2424,隴華,twse,電子工業
2425,承啟,twse,電腦及週邊設備業
2426,鼎元,twse,電子工業
2427,三商電,twse,電子工業
2428,興勤,twse,電子零組件業
2429,銘旺科,twse,電子工業
2430,燦坤,twse,電子通路業
2431,聯昌,twse,電子零組件業
2432,倚天酷碁-創,twse,電腦及週邊設備業
2433,互盛電,twse,其他電子業
2434,統懋,twse,半導體業
2436,偉詮電,twse,半導體業
2437,旺詮,twse,電子零組件業
2438,翔耀,twse,電子工業
2439,美律,twse,電子工業
2440,太空梭,twse,電子零組件業
2441,超豐,twse,電子工業
2442,新美齊,twse,建材營造
2443,昶虹,twse,其他
2444,兆勁,twse,電子工業
2446,全懋,twse,半導體業
2447,鼎新,twse,電子工業
2448,晶電,twse,光電業
2449,京元電子,twse,電子工業
2450,神腦,twse,電子工業
2451,創見,twse,電子工業
2452,乾坤,twse,電子零組件業
2453,凌群,twse,電子工業
2454,聯發科,twse,電子工業
2455,全新,twse,電子工業
2456,奇力新,twse,電子零組件業
2457,飛宏,twse,電子零組件業
2458,義隆,twse,半導體業
2459,敦吉,twse,電子工業
2460,建通,twse,電子零組件業
2461,光群雷,twse,電子工業
2462,良得電,twse,電子零組件業
2463,研揚,twse,電腦及週邊設備業
2464,盟立,twse,電子工業
2465,麗臺,twse,電腦及週邊設備業
2466,冠西電,twse,電子工業
2467,志聖,twse,電子零組件業
2468,華經,twse,電子工業
2469,力信,twse,電子零組件業
2471,資通,twse,電子工業
2472,立隆電,twse,電子零組件業
2473,思源,twse,電子工業
2474,可成,twse,電子工業
2475,華映,twse,光電業
2476,鉅祥,twse,電子零組件業
2477,美隆電,twse,其他電子業
2478,大毅,twse,電子零組件業
2479,和立,twse,電子工業
2480,敦陽科,twse,電子工業
2481,強茂,twse,電子工業
2482,連宇,twse,電子工業
2483,百容,twse,電子零組件業
2484,希華,twse,電子零組件業
2485,兆赫,twse,電子工業
2486,一詮,twse,電子工業
2488,漢平,twse,電子工業
2489,瑞軒,twse,電子工業
2491,吉祥全,twse,電子工業
2492,華新科,twse,電子零組件業
2493,揚博,twse,電子零組件業
2494,廣業科,twse,通信網路業
2495,普安,twse,電腦及週邊設備業
2496,卓越,twse,其他
2497,怡利電,twse,汽車工業
2498,宏達電,twse,電子工業
2499,東貝,twse,光電業
2501,國建,twse,建材營造
2504,國產,twse,建材營造
2505,國揚,twse,建材營造
2506,太設,twse,建材營造
2509,全坤建,twse,建材營造
2511,太子,twse,建材營造
2514,龍邦,twse,其他
2515,中工,twse,建材營造
2516,新建,twse,建材營造
2520,冠德,twse,建材營造
2524,京城,twse,建材營造
2526,大陸,twse,建材營造
2527,宏璟,twse,建材營造
2528,皇普,twse,建材營造
2530,華建,twse,建材營造
2534,宏盛,twse,建材營造
2535,達欣工,twse,建材營造
2536,宏普,twse,建材營造
2537,聯上發,twse,建材營造
2538,基泰,twse,建材營造
2539,櫻花建,twse,建材營造
2540,愛山林,twse,建材營造
2542,興富發,twse,建材營造
2543,皇昌,twse,建材營造
2545,皇翔,twse,建材營造
2546,根基,twse,建材營造
2547,日勝生,twse,建材營造
2548,華固,twse,建材營造
2596,綠意,tpex,建材營造
2597,潤弘,twse,建材營造
2601,益航,twse,航運業
2603,長榮,twse,航運業
2605,新興,twse,航運業
2606,裕民,twse,航運業
2607,榮運,twse,航運業
2608,嘉里大榮,twse,航運業
2609,陽明,twse,航運業
2610,華航,twse,航運業
2611,志信,twse,航運業
2612,中航,twse,航運業
2613,中櫃,twse,航運業
2614,東森,twse,其他
2615,萬海,twse,航運業
2616,山隆,twse,油電燃氣業
2617,台航,twse,航運業
2618,長榮航,twse,航運業
2630,亞航,twse,航運業
2633,台灣高鐵,twse,航運業
2634,漢翔,twse,航運業
2636,台驊控股,twse,航運業
2637,慧洋-KY,twse,航運業
2640,大車隊,tpex,數位雲端類
2641,正德,tpex,航運業
2642,宅配通,twse,航運業
2643,捷迅,tpex,航運業
2645,長榮航太,twse,航運業
2646,星宇航空,twse,航運業
2701,萬企,twse,觀光餐旅
2702,華園,twse,觀光餐旅
2704,國賓,twse,觀光餐旅
2705,六福,twse,觀光餐旅
2706,第一店,twse,觀光餐旅
2707,晶華,twse,觀光餐旅
2712,遠雄來,twse,觀光餐旅
2718,全心投控,tpex,建材營造
2719,燦星旅,tpex,觀光餐旅
2722,夏都,twse,觀光餐旅
2723,美食-KY,twse,觀光餐旅
2724,藝舍-KY,tpex,其他
2726,雅茗-KY,tpex,觀光餐旅
2727,王品,twse,觀光餐旅
2729,瓦城,tpex,觀光餐旅
2731,雄獅,twse,觀光餐旅
2732,六角,tpex,觀光餐旅
2734,易飛網,tpex,觀光餐旅
2736,富野,tpex,觀光餐旅
2739,寒舍,twse,觀光餐旅
2740,華軒,tpex,觀光餐旅
2743,山富,tpex,觀光餐旅
2745,五福,tpex,觀光餐旅
2748,雲品,twse,觀光餐旅
2751,王座,tpex,觀光餐旅
2752,豆府,tpex,觀光餐旅
2753,八方雲集,twse,觀光餐旅
2754,亞洲藏壽司,tpex,觀光餐旅
2755,揚秦,tpex,觀光餐旅
2756,聯發國際,tpex,觀光餐旅
2762,世界健身-KY,twse,運動休閒
2801,彰銀,twse,金融保險
2807,竹商銀,twse,金融保險
2809,京城銀,twse,金融保險
2812,台中銀,twse,金融保險
2816,旺旺保,twse,金融保險
2820,華票,twse,金融保險
2823,中壽,twse,金融保險
2827,中聯,twse,金融保險
2831,中華銀,twse,金融保險
2832,台產,twse,金融保險
2833,台壽保,twse,金融保險
2834,臺企銀,twse,金融保險
2836,高雄銀,twse,金融保險
2837,萬泰銀,twse,金融保險
2838,聯邦銀,twse,金融保險
2841,台開,twse,建材營造
2845,遠東銀,twse,金融保險
2847,大眾銀,twse,金融保險
2849,安泰銀,twse,金融保險
2850,新產,twse,金融保險
2851,中再保,twse,金融保險
2852,第一保,twse,金融保險
2854,寶來證,twse,金融保險
2855,統一證,twse,金融保險
2856,元富證,twse,金融保險
2867,三商壽,twse,金融保險
2880,華南金,twse,金融保險
2881,富邦金,twse,金融保險
2882,國泰金,twse,金融保險
2883,凱基金,twse,金融保險
2884,玉山金,twse,金融保險
2885,元大金,twse,金融保險
2886,兆豐金,twse,金融保險
2887,台新新光金,twse,金融保險
2888,新光金,twse,金融保險
2889,國票金,twse,金融保險
2890,永豐金,twse,金融保險
2891,中信金,twse,金融保險
2892,第一金,twse,金融保險
2897,王道銀行,twse,金融保險
2901,欣欣,twse,貿易百貨
2903,遠百,twse,貿易百貨
2904,匯僑,twse,其他
2905,三商,twse,貿易百貨
2906,高林,twse,貿易百貨
2908,特力,twse,貿易百貨
2910,統領,twse,貿易百貨
2911,麗嬰房,twse,貿易百貨
2912,統一超,twse,貿易百貨
2913,農林,twse,貿易百貨
2915,潤泰全,twse,貿易百貨
2916,滿心,tpex,居家生活類
2923,鼎固-KY,twse,建材營造
2924,宏太-KY,tpex,居家生活類
2926,誠品生活,tpex,文化創意業
2928,紅馬-KY,tpex,觀光事業
2929,淘帝-KY,twse,貿易百貨
2936,客思達-KY,twse,貿易百貨
2937,集雅社,tpex,居家生活類
2939,永邑-KY,twse,貿易百貨
2941,米斯特,tpex,居家生活類
2945,三商家購,twse,貿易百貨
2947,振宇五金,tpex,居家生活類
2948,寶陞,tpex,居家生活類
2949,欣新網,tpex,數位雲端類
3002,歐格,twse,電腦及週邊設備業
3003,健和興,twse,電子零組件業
3004,豐達科,twse,鋼鐵工業
3005,神基,twse,電腦及週邊設備業
3006,晶豪科,twse,電子工業
3007,綠點,twse,電子工業
3008,大立光,twse,電子工業
3009,奇美電,twse,電子工業
3010,華立,twse,電子通路業
3011,今皓,twse,電子零組件業
3013,晟銘電,twse,電腦及週邊設備業
3014,聯陽,twse,電子工業
3015,全漢,twse,電子零組件業
3016,嘉晶,twse,電子工業
3017,奇鋐,twse,電腦及週邊設備業
3018,隆銘綠能,twse,電子工業
3019,亞光,twse,電子工業
3020,奇普仕,twse,電子通路業
3021,鴻名,twse,電子零組件業
3022,威強電,twse,電腦及週邊設備業
3023,信邦,twse,電子工業
3024,憶聲,twse,電子工業
3025,星通,twse,電子工業
3026,禾伸堂,twse,電子零組件業
3027,盛達,twse,電子工業
3028,增你強,twse,電子通路業
3029,零壹,twse,電子工業
3030,德律,twse,電子工業
3031,佰鴻,twse,電子工業
3032,偉訓,twse,電子零組件業
3033,威健,twse,電子通路業
3034,聯詠,twse,電子工業
3035,智原,twse,電子工業
3036,文曄,twse,電子通路業
3037,欣興,twse,電子零組件業
3038,全台,twse,電子工業
3040,遠見,twse,其他
3041,揚智,twse,電子工業
3042,晶技,twse,電子零組件業
3043,科風,twse,其他電子業
3044,健鼎,twse,電子零組件業
3045,台灣大,twse,電子工業
3046,建碁,twse,電腦及週邊設備業
3047,訊舟,twse,電子工業
3048,益登,twse,電子工業
3049,精金,twse,電子工業
3050,鈺德,twse,電子工業
3051,力特,twse,光電業
3052,夆典,twse,建材營造
3053,鼎營,twse,電子工業
3054,立萬利,twse,食品工業
3055,蔚華科,twse,電子工業
3056,富華新,twse,建材營造
3057,喬鼎,twse,電腦及週邊設備業
3058,立德,twse,電子零組件業
3059,華晶科,twse,電子工業
3060,銘異,twse,電腦及週邊設備業
3061,璨圓,twse,電子工業
3062,建漢,twse,電子工業
3063,飛信,twse,電子工業
3064,泰偉,tpex,文化創意業
3066,李洲,tpex,光電業
3067,全域,tpex,居家生活類
3071,協禧,tpex,電腦及週邊設備業
3073,天方能源,tpex,綠能環保類
3078,僑威,tpex,電子零組件業
3080,威力盟,twse,電子工業
3081,聯亞,tpex,通信網路業
3083,網龍,tpex,文化創意業
3085,新零售,tpex,數位雲端類
3086,華義*,tpex,文化創意業
3088,艾訊,tpex,電腦及週邊設備業
3089,億杰,tpex,電子零組件業
3090,日電貿,twse,電子零組件業
3092,鴻碩,twse,電子零組件業
3093,港建*,tpex,其他電子類
3094,聯傑,twse,半導體業
3095,及成,tpex,通信網路業
3105,穩懋,tpex,半導體業
3114,好德,tpex,電子零組件業
3115,富榮綱,tpex,電子零組件業
3118,進階,tpex,生技醫療業
3122,笙泉,tpex,半導體業
3128,昇銳,tpex,光電業
3130,一零四,twse,數位雲端
3131,弘塑,tpex,半導體業
3135,凌航,twse,電子工業
3138,耀登,twse,電子工業
3141,晶宏,tpex,半導體業
3142,遠茂,twse,電子工業
3144,新揚科,tpex,電子零組件業
3147,大綜,tpex,資訊服務業
3149,正達,twse,電子工業
3150,鈺寶-創,twse,電子工業
3152,璟德,tpex,通信網路業
3158,嘉實,tpex,資訊服務業
3162,精確,tpex,電機機械
3163,波若威,tpex,通信網路業
3164,景岳,twse,生技醫療業
3167,大量,twse,電機機械
3168,眾福科,twse,光電業
3169,亞信,tpex,半導體業
3171,炎洲流通,tpex,居家生活類
3176,基亞,tpex,生技醫療業
3178,公準,tpex,半導體業
3188,鑫龍騰,tpex,建材營造
3189,景碩,twse,電子工業
3191,雲嘉南,tpex,電子零組件業
3202,樺晟,tpex,電子零組件業
3205,佰研,tpex,生技醫療業
3206,志豐,tpex,電子零組件業
3207,耀勝,tpex,電子零組件業
3209,全科,twse,電子通路業
3211,順達,tpex,電腦及週邊設備業
3213,茂訊,tpex,電腦及週邊設備業
3214,元砷,twse,電子工業
3217,優群,tpex,電子零組件業
3218,大學光,tpex,生技醫療業
3219,倚強科,tpex,其他電子類
3221,台嘉碩,tpex,通信網路業
3224,三顧,tpex,電子通路業
3226,龍鋒,tpex,電機機械
3227,原相,tpex,半導體業
3228,金麗科,tpex,半導體業
3229,晟鈦,twse,電子零組件業
3230,錦明,tpex,光電業
3231,緯創,twse,電腦及週邊設備業
3232,昱捷,tpex,電子通路業
3234,光環,tpex,通信網路業
3236,千如,tpex,電子零組件業
3252,海灣,tpex,觀光餐旅
3257,虹冠電,twse,電子工業
3259,鑫創,tpex,半導體業
3260,威剛,tpex,半導體業
3264,欣銓,tpex,半導體業
3265,台星科,tpex,半導體業
3266,昇陽,twse,建材營造
3268,海德威,tpex,半導體業
3271,其樂達,twse,電子工業
3272,東碩,tpex,電腦及週邊設備業
3276,宇環,tpex,電子零組件業
3284,太普高,tpex,其他
3285,微端,tpex,其他電子類
3287,廣寰科,tpex,電腦及週邊設備業
3288,點晶,tpex,電子零組件業
3289,宜特,tpex,其他電子類
3290,東浦,tpex,電子零組件業
3293,鈊象,tpex,文化創意業
3294,英濟,tpex,電子零組件業
3296,勝德,twse,電子零組件業
3297,杭特,tpex,光電業
3303,岱稜,tpex,其他電子類
3305,昇貿,twse,其他電子業
3306,鼎天,tpex,通信網路業
3308,聯德,twse,電子零組件業
3310,佳穎,tpex,電子零組件業
3311,閎暉,twse,電子工業
3312,弘憶股,twse,電子通路業
3313,斐成,tpex,建材營造
3315,宣昶,twse,電子通路業
3317,尼克森,tpex,半導體業
3321,同泰,twse,電子零組件業
3322,建舜電,tpex,電子零組件業
3323,加百裕,tpex,電腦及週邊設備業
3324,雙鴻,tpex,其他電子類
3325,旭品,tpex,電腦及週邊設備業
3332,幸康,tpex,電子零組件業
3338,泰碩,twse,電子零組件業
3339,泰谷,tpex,光電業
3346,麗清,twse,汽車工業
3349,寶德,tpex,電腦及週邊設備業
3354,律勝,tpex,電子零組件業
3356,奇偶,twse,電子工業
3357,臺慶科,tpex,電子零組件業
3360,尚立,tpex,電子通路業
3362,先進光,tpex,光電業
3363,上詮,tpex,通信網路業
3367,英華達,twse,其他電子業
3372,典範,tpex,半導體業
3373,熱映,tpex,其他電子類
3374,精材,tpex,半導體業
3376,新日興,twse,電子零組件業
3379,彬台,tpex,電機機械
3380,明泰,twse,電子工業
3383,新世紀,twse,光電業
3388,崇越電,tpex,電子零組件業
3390,旭軟,tpex,電子零組件業
3402,漢科,tpex,其他電子類
3406,玉晶光,twse,電子工業
3413,京鼎,twse,半導體業
3416,融程電,twse,電腦及週邊設備業
3419,譁裕,twse,電子工業
3426,台興,tpex,電機機械
3430,奇鈦科,tpex,化學工業
3432,台端,twse,電子零組件業
3434,哲固,tpex,光電業
3437,榮創,twse,電子工業
3438,類比科,tpex,半導體業
3441,聯一光,tpex,光電業
3443,創意,twse,半導體業
3444,利機,tpex,電子通路業
3447,展達,twse,電子工業
3450,聯鈞,twse,電子工業
3454,晶睿,twse,光電業
3455,由田,tpex,光電業
3465,進泰電子,tpex,其他電子類
3466,德晉,tpex,通信網路業
3467,台灣精材,tpex,半導體業
3474,華亞科,twse,電子工業
3479,安勤,tpex,電腦及週邊設備業
3481,群創,twse,電子工業
3483,力致,tpex,電腦及週邊設備業
3484,崧騰,tpex,電子零組件業
3485,敘豐,tpex,電子零組件業
3489,森寶,tpex,建材營造
3490,單井,tpex,光電業
3491,昇達科,tpex,通信網路業
3492,長盛,tpex,電子零組件業
3494,誠研,twse,電腦及週邊設備業
3498,陽程,tpex,其他電子類
3499,環天科,tpex,通信網路業
3501,維熹,twse,電子零組件業
3504,揚明光,twse,光電業
3508,位速,tpex,其他電子類
3511,矽瑪,tpex,電子零組件業
3512,皇龍,tpex,建材營造
3514,昱晶,twse,光電業
3515,華擎,twse,電腦及週邊設備業
3516,亞帝歐,tpex,光電業
3518,柏騰,twse,電子工業
3519,綠能,twse,半導體業
3520,華盈,tpex,電子零組件業
3521,台鋼建設,tpex,建材營造
3522,御嵿,tpex,觀光餐旅
3523,迎輝,tpex,光電業
3526,凡甲,tpex,電子零組件業
3527,聚積,tpex,半導體業
3528,安馳,twse,電子通路業
3529,力旺,tpex,半導體業
3530,晶相光,twse,電子工業
3531,先益,tpex,光電業
3532,台勝科,twse,電子工業
3533,嘉澤,twse,電子零組件業
3534,雷凌,twse,電子工業
3535,晶彩科,twse,電子工業
3536,誠創,twse,半導體業
3537,堡達,tpex,電子零組件業
3540,曜越,tpex,電腦及週邊設備業
3541,西柏,tpex,其他電子類
3543,州巧,twse,電子工業
3545,敦泰,twse,電子工業
3546,宇峻,tpex,文化創意業
3548,兆利,tpex,電子零組件業
3550,聯穎,twse,電子零組件業
3551,世禾,tpex,綠能環保類
3552,同致,tpex,其他電子類
3555,博士旺,tpex,半導體業
3556,禾瑞亞,tpex,半導體業
3557,嘉威,twse,居家生活
3558,神準,tpex,通信網路業
3559,全智科,twse,半導體業
3561,昇陽光電,twse,光電業
3563,牧德,twse,電子工業
3564,其陽,tpex,通信網路業
3567,逸昌,tpex,半導體業
3570,大塚,tpex,資訊服務業
3573,穎台,twse,光電業
3576,聯合再生,twse,電子工業
3577,泓格,tpex,電腦及週邊設備業
3579,尚志,twse,半導體業
3580,友威科,tpex,其他電子類
3581,博磊,tpex,半導體業
3583,辛耘,twse,半導體業
3584,介面,twse,光電業
3587,閎康,tpex,其他電子類
3588,通嘉,twse,電子工業
3591,艾笛森,twse,電子工業
3592,瑞鼎,twse,電子工業
3593,力銘,twse,電子零組件業
3594,磐儀,tpex,電腦及週邊設備業
3596,智易,twse,電子工業
3597,映興,tpex,電子零組件業
3598,奕力,twse,半導體業
3599,旺能,twse,光電業
3605,宏致,twse,電子零組件業
3607,谷崧,twse,電子零組件業
3609,三一東林,tpex,電子零組件業
3611,鼎翰,tpex,電腦及週邊設備業
3614,誠致,twse,半導體業
3615,安可,tpex,光電業
3617,碩天,twse,電子工業
3622,洋華,twse,光電業
3623,富晶通,tpex,光電業
3624,光頡,tpex,電子零組件業
3625,西勝,tpex,電腦及週邊設備業
3628,盈正,tpex,其他電子類
3629,地心引力,tpex,文化創意業
3630,新鉅科,tpex,光電業
3631,晟楠,tpex,電子零組件業
3632,研勤,tpex,通信網路業
3638,F-IML,twse,電子工業
3642,駿熠電,tpex,其他電子類
3645,達邁,twse,電子零組件業
3646,艾恩特,tpex,電子零組件業
3652,精聯,twse,電腦及週邊設備業
3653,健策,twse,電子零組件業
3661,世芯-KY,twse,電子工業
3663,鑫科,tpex,其他電子類
3664,安瑞-KY,tpex,通信網路業
3665,貿聯-KY,twse,電子工業
3666,光耀,tpex,光電業
3669,圓展,twse,電子工業
3672,康聯訊,tpex,通信網路業
3673,TPK-KY,twse,電子工業
3675,德微,tpex,半導體業
3679,新至陞,twse,電子零組件業
3680,家登,tpex,半導體業
3682,亞太電,twse,通信網路業
3684,榮昌,tpex,通信網路業
3685,元創精密,tpex,電機機械
3686,達能,twse,電子工業
3687,歐買尬,tpex,數位雲端類
3689,湧德,tpex,電子零組件業
3691,碩禾,tpex,光電業
3693,營邦,tpex,電腦及週邊設備業
3694,海華,twse,電子工業
3697,F-晨星,twse,半導體業
3698,隆達,twse,光電業
3701,大眾控,twse,電腦及週邊設備業
3702,大聯大,twse,電子通路業
3703,欣陸,twse,建材營造
3704,合勤控,twse,電子工業
3705,永信,twse,生技醫療業
3706,神達,twse,電腦及週邊設備業
3707,漢磊,tpex,半導體業
3708,上緯投控,twse,綠能環保
3709,鑫聯大投控,tpex,電腦及週邊設備業
3710,連展投控,tpex,電子零組件業
3711,日月光投控,twse,半導體業
3712,永崴投控,twse,電腦及週邊設備業
3713,新晶投控,tpex,綠能環保類
3714,富采,twse,電子工業
3715,定穎投控,twse,電子零組件業
3716,中化控股,twse,生技醫療業
3717,聯嘉投控,twse,汽車工業
4102,永日,tpex,生技醫療業
4104,佳醫,twse,生技醫療業
4105,東洋,tpex,生技醫療業
4106,雃博,twse,生技醫療業
4107,邦特,tpex,生技醫療業
4108,懷特,twse,生技醫療業
4109,加捷生醫,tpex,生技醫療業
4111,濟生,tpex,生技醫療業
4113,聯上,tpex,建材營造
4114,健喬,tpex,生技醫療業
4116,明基醫,tpex,生技醫療業
4119,旭富,twse,化學生技醫療
4120,友華,tpex,生技醫療業
4121,優盛,tpex,生技醫療業
4123,晟德,tpex,生技醫療業
4126,太醫,tpex,生技醫療業
4127,天良,tpex,生技醫療業
4128,中天,tpex,生技醫療業
4129,聯合,tpex,生技醫療業
4130,健亞,tpex,生技醫療業
4131,浩泰,tpex,生技醫療業
4133,亞諾法,twse,生技醫療業
4137,麗豐-KY,twse,生技醫療業
4138,曜亞,tpex,生技醫療業
4139,馬光-KY,tpex,生技醫療業
4141,龍燈-KY,twse,化學生技醫療
4142,國光生,twse,生技醫療業
4144,康聯-KY,twse,化學生技醫療
4147,中裕,tpex,生技醫療業
4148,全宇生技-KY,twse,生技醫療業
4152,台微體,tpex,生技醫療業
4153,鈺緯,tpex,生技醫療業
4154,樂威科-KY,tpex,其他
4155,訊映,twse,生技醫療業
4157,太景*-KY,tpex,生技醫療業
4160,訊聯基因,tpex,生技醫療業
4161,聿新科,tpex,生技醫療業
4162,智擎,tpex,生技醫療業
4163,鐿鈦,tpex,生技醫療業
4164,承業醫,twse,生技醫療業
4166,友霖,tpex,生技醫療業
4167,松瑞藥,tpex,生技醫療業
4168,醣聯,tpex,生技醫療業
4169,泰宗,twse,生技醫療業
4171,瑞基,tpex,農業科技業
4173,久裕,tpex,生技醫療業
4174,浩鼎,tpex,生技醫療業
4175,杏一,tpex,生技醫療業
4178,永笙-KY,twse,生技醫療業
4183,福永生技,tpex,生技醫療業
4188,安克,tpex,生技醫療業
4190,佐登-KY,twse,生技醫療業
4192,杏國,tpex,生技醫療業
4195,基米-創,twse,生技醫療業
4198,欣大健康,tpex,生技醫療業
4205,中華食,tpex,食品工業
4207,環泰,tpex,食品工業
4303,信立,tpex,塑膠工業
4304,勝昱,tpex,塑膠工業
4305,世坤,tpex,塑膠工業
4306,炎洲,twse,塑膠工業
4401,東隆興,tpex,紡織纖維
4402,郡都開發,tpex,紡織纖維
4406,新昕纖,tpex,紡織纖維
4413,飛寶企業,tpex,紡織纖維
4414,如興,twse,紡織纖維
4416,三圓,tpex,建材營造
4417,金洲,tpex,紡織纖維
4419,皇家美食,tpex,觀光餐旅
4420,光明,tpex,紡織纖維
4426,利勤,twse,紡織纖維
4429,聚紡,tpex,紡織纖維
4430,耀億,tpex,其他
4432,銘旺實,tpex,紡織纖維
4433,興采,tpex,紡織纖維
4438,廣越,twse,紡織纖維
4439,冠星-KY,twse,紡織纖維
4440,宜新實業,twse,紡織纖維
4441,振大環球,twse,紡織纖維
4442,竣邦-KY,tpex,紡織纖維
4502,健信,tpex,電機機械
4503,金雨,tpex,電機機械
4506,崇友,tpex,電機機械
4510,高鋒,tpex,電機機械
4513,福裕,tpex,電機機械
4523,永彰,tpex,電機機械
4526,東台,twse,電機機械
4527,方土霖,tpex,電機機械
4528,江興鍛,tpex,電機機械
4529,淳紳,tpex,其他
4530,宏易,tpex,觀光餐旅
4532,瑞智,twse,電機機械
4533,協易機,tpex,電機機械
4534,慶騰,tpex,電機機械
4535,至興,tpex,電機機械
4536,拓凱,twse,運動休閒
4538,大詠城,tpex,電機機械
4540,全球傳動,twse,電機機械
4541,晟田,tpex,其他
4542,科嶠,tpex,電子零組件業
4543,萬在,tpex,電機機械
4545,銘鈺,twse,電子零組件業
4549,桓達,tpex,電機機械
4550,長佳,tpex,電機機械
4551,智伸科,twse,汽車工業
4552,力達-KY,twse,電機機械
4554,橙的,tpex,其他電子類
4555,氣立,twse,電機機械
4556,旭然,tpex,其他
4557,永新-KY,twse,汽車工業
4558,寶緯,tpex,電機機械
4560,強信-KY,twse,電機機械
4561,健椿,tpex,電機機械
4562,穎漢,twse,電機機械
4563,百德,tpex,電機機械
4564,元翎,twse,電機機械
4566,時碩工業,twse,電機機械
4568,科際精密,tpex,電機機械
4569,六方科-KY,twse,汽車工業
4571,鈞興-KY,twse,電機機械
4572,駐龍,twse,電機機械
4576,大銀微系統,twse,電機機械
4577,達航科技,tpex,其他電子類
4580,捷流閥業,tpex,電機機械
4581,光隆精密-KY,twse,汽車工業
4582,聚恆-創,twse,綠能環保
4583,台灣精銳,twse,電機機械
4584,君帆,tpex,電機機械
4585,達明,twse,電子工業
4588,玖鼎電力,twse,其他電子業
4590,富田-創,twse,電機機械
4609,唐鋒,tpex,居家生活類
4702,中美實,tpex,居家生活類
4706,大恭,tpex,化學工業
4707,磐亞,tpex,化學工業
4711,永純,tpex,化學工業
4712,南璋,tpex,食品工業
4714,永捷,tpex,化學工業
4716,大立,tpex,化學工業
4720,德淵,twse,化學生技醫療
4721,美琪瑪,tpex,化學工業
4722,國精化,twse,化學生技醫療
4725,信昌化,twse,化學生技醫療
4726,永昕,tpex,生技醫療業
4728,雙美,tpex,生技醫療業
4729,熒茂,tpex,光電業
4733,上緯,twse,化學工業
4735,豪展,tpex,生技醫療業
4736,泰博,twse,生技醫療業
4737,華廣,twse,生技醫療業
4739,康普,twse,化學工業
4741,泓瀚,tpex,化學工業
4743,合一,tpex,生技醫療業
4744,皇將,tpex,生技醫療業
4745,合富-KY,tpex,生技醫療業
4746,台耀,twse,生技醫療業
4747,強生,tpex,生技醫療業
4749,新應材,tpex,半導體業
4754,國碳科,tpex,化學工業
4755,三福化,twse,化學生技醫療
4760,勤凱,tpex,其他電子類
4763,材料*-KY,twse,化學生技醫療
4764,雙鍵,twse,化學生技醫療
4766,南寶,twse,化學生技醫療
4767,誠泰科技,tpex,化學工業
4768,晶呈科技,tpex,化學工業
4770,上品,twse,化學生技醫療
4771,望隼,twse,生技醫療業
4772,台特化,tpex,化學工業
4803,VHQ-KY,tpex,文化創意業
4804,大略-KY,tpex,觀光餐旅
4806,桂田文創,tpex,文化創意業
4807,日成-KY,twse,貿易百貨
4903,聯光通,tpex,通信網路業
4904,遠傳,twse,電子工業
4905,台聯電,tpex,生技醫療業
4906,正文,twse,電子工業
4907,富宇,tpex,建材營造
4908,前鼎,tpex,通信網路業
4909,新復興,tpex,通信網路業
4911,德英,tpex,生技醫療業
4912,聯德控股-KY,twse,電子零組件業
4915,致伸,twse,電子零組件業
4916,事欣科,twse,電腦及週邊設備業
4919,新唐,twse,電子工業
4923,力士,tpex,半導體業
4924,欣厚-KY,tpex,綠能環保類
4927,泰鼎-KY,twse,電子零組件業
4930,燦星網,twse,電器電纜
4931,新盛力,tpex,電腦及週邊設備業
4933,友輝,tpex,光電業
4934,太極,twse,電子工業
4935,茂林-KY,twse,光電業
4938,和碩,twse,電腦及週邊設備業
4939,亞電,tpex,電子零組件業
4942,嘉彰,twse,電子工業
4943,康控-KY,twse,電子零組件業
4944,兆遠,tpex,光電業
4945,陞達科技,tpex,半導體業
4946,辣椒,tpex,文化創意業
4949,有成精密,twse,光電業
4950,金耘國際,tpex,鋼鐵工業
4951,精拓科,tpex,半導體業
4952,凌通,twse,電子工業
4953,緯軟,tpex,資訊服務業
4956,光鋐,twse,電子工業
4958,臻鼎-KY,twse,電子零組件業
4960,誠美材,twse,光電業
4961,天鈺,twse,半導體業
4966,譜瑞-KY,tpex,半導體業
4967,十銓,twse,電子工業
4968,立積,twse,半導體業
4971,IET-KY,tpex,半導體業
4972,湯石照明,tpex,光電業
4973,廣穎,tpex,半導體業
4974,亞泰,tpex,電子零組件業
4976,佳凌,twse,光電業
4977,眾達-KY,twse,通信網路業
4979,華星光,tpex,通信網路業
4984,科納-KY,twse,通信網路業
4987,科誠,tpex,電腦及週邊設備業
4989,榮科,twse,電子零組件業
4991,環宇-KY,tpex,半導體業
4994,傳奇,twse,資訊服務業
4995,晶達,tpex,光電業
4999,鑫禾,twse,電子工業
5007,三星,twse,鋼鐵工業
5009,榮剛,tpex,鋼鐵工業
5011,久陽,tpex,鋼鐵工業
5013,強新,tpex,鋼鐵工業
5014,建錩,tpex,鋼鐵工業
5015,華祺,tpex,鋼鐵工業
5016,松和,tpex,鋼鐵工業
5102,富強,tpex,橡膠工業
5201,凱衛,tpex,資訊服務業
5202,力新,tpex,資訊服務業
5203,訊連,twse,資訊服務業
5205,中茂,tpex,綠能環保類
5206,坤悅,tpex,建材營造
5209,新鼎,tpex,其他
5210,寶碩,tpex,資訊服務業
5211,蒙恬,tpex,資訊服務業
5212,凌網,tpex,資訊服務業
5213,亞昕,tpex,建材營造
5215,科嘉-KY,twse,電子工業
5220,萬達光電,tpex,光電業
5222,全訊,twse,半導體業
5223,安力-KY,tpex,電腦及週邊設備業
5225,東科-KY,twse,其他電子業
5227,立凱-KY,tpex,電子零組件業
5228,鈺鎧,tpex,電子零組件業
5230,雷笛克光學,tpex,光電業
5234,達興材料,twse,電子工業
5236,凌陽創新,tpex,半導體業
5243,乙盛-KY,twse,光電業
5244,弘凱,twse,光電業
5245,智晶,tpex,光電業
5251,天鉞電,tpex,光電業
5258,虹堡,twse,電子工業
5259,奕智博,twse,光電業
5263,智崴,tpex,文化創意業
5264,鎧勝-KY,twse,電腦及週邊設備業
5269,祥碩,twse,電子工業
5272,笙科,tpex,半導體業
5274,信驊,tpex,半導體業
5276,達輝-KY,tpex,其他
5278,尚凡*,tpex,數位雲端類
5280,F-敦泰,twse,半導體業
5281,大峽谷-KY,tpex,光電業
5283,禾聯碩,twse,電器電纜
5284,jpp-KY,twse,其他
5285,界霖,twse,半導體業
5287,數字,tpex,數位雲端類
5288,豐祥-KY,twse,電機機械
5289,宜鼎,tpex,電腦及週邊設備業
5291,邑昇,tpex,電子零組件業
5292,華懋,twse,綠能環保
5299,杰力,tpex,半導體業
5301,寶得利,tpex,觀光餐旅
5302,太欣,tpex,半導體業
5304,鼎創達,tpex,電腦及週邊設備業
5305,敦南,twse,半導體業
5306,桂盟,twse,運動休閒
5309,系統電,tpex,電子零組件業
5310,天剛,tpex,資訊服務業
5312,寶島科,tpex,生技醫療業
5314,世紀*,tpex,其他
5315,光聯,tpex,光電業
5321,美而快,tpex,數位雲端類
5324,士開,tpex,建材營造
5328,華容,tpex,電子零組件業
5340,建榮,tpex,電子零組件業
5344,立衛,tpex,半導體業
5345,馥鴻,tpex,其他
5347,世界,tpex,半導體業
5348,正能量智能,tpex,運動休閒類
5349,先豐,tpex,電子零組件業
5351,鈺創,tpex,半導體業
5353,台林,tpex,通信網路業
5355,佳總,tpex,電子零組件業
5356,協益,tpex,電腦及週邊設備業
5364,力麗店,tpex,觀光餐旅
5371,中光電,tpex,光電業
5381,光譜,tpex,電機機械
5383,金利,tpex,其他電子類
5386,青雲,tpex,電腦及週邊設備業
5388,中磊,twse,通信網路業
5392,能率,tpex,光電業
5398,慕康生醫,tpex,其他
5403,中菲,tpex,資訊服務業
5410,國眾,tpex,資訊服務業
5425,台半,tpex,半導體業
5426,振發,tpex,電腦及週邊設備業
5432,新門,tpex,綠能環保類
5434,崇越,twse,電子通路業
5438,東友,tpex,電腦及週邊設備業
5439,高技,tpex,電子零組件業
5443,均豪,tpex,半導體業
5450,南良,tpex,其他
5452,佶優,tpex,其他電子類
5455,昇益,tpex,建材營造
5457,宣德,tpex,電子零組件業
5460,同協,tpex,電子零組件業
5464,霖宏,tpex,電子零組件業
5465,富驊,tpex,電腦及週邊設備業
5468,凱鈺,tpex,半導體業
5469,瀚宇博,twse,電子工業
5471,松翰,twse,半導體業
5474,聰泰,tpex,電腦及週邊設備業
5475,德宏,tpex,電子零組件業
5478,智冠,tpex,文化創意業
5481,新華,tpex,其他
5483,中美晶,tpex,半導體業
5484,慧友,twse,電子工業
5487,通泰,tpex,半導體業
5488,松普,tpex,電子零組件業
5489,彩富,tpex,其他電子類
5490,同亨,tpex,電腦及週邊設備業
5493,三聯,tpex,其他電子類
5498,凱崴,tpex,電子零組件業
5508,永信建,tpex,建材營造
5511,德昌,tpex,建材營造
5512,力麒,tpex,建材營造
5514,三豐,tpex,建材營造
5515,建國,twse,建材營造
5516,雙喜,tpex,建材營造
5519,隆大,twse,建材營造
5520,力泰,tpex,建材營造
5521,工信,twse,建材營造
5522,遠雄,twse,建材營造
5523,豐謙,tpex,建材營造
5525,順天,twse,建材營造
5529,鉅陞,tpex,建材營造
5530,龍巖,tpex,其他
5531,鄉林,twse,建材營造
5533,皇鼎,twse,建材營造
5534,長虹,twse,建材營造
5536,聖暉*,tpex,其他電子類
5538,東明-KY,twse,鋼鐵工業
5543,桓鼎-KY,tpex,建材營造
5546,永固-KY,twse,建材營造
5547,久舜,tpex,建材營造
5548,安倉,tpex,建材營造
5601,台聯櫃,tpex,航運業
5603,陸海,tpex,航運業
5604,中連,tpex,其他
5607,遠雄港,twse,航運業
5608,四維航,twse,航運業
5609,中菲行,tpex,航運業
5701,劍湖山,tpex,觀光餐旅
5703,亞都,tpex,觀光餐旅
5704,老爺知,tpex,觀光餐旅
5706,鳳凰,twse,觀光餐旅
5820,日盛金,tpex,金融業
5854,合庫,twse,金融保險
5864,致和證,tpex,金融業
5871,中租-KY,twse,其他
5876,上海商銀,twse,金融保險
5878,台名,tpex,金融業
5880,合庫金,twse,金融保險
5902,德記,tpex,居家生活類
5903,全家,tpex,居家生活類
5904,寶雅,tpex,居家生活類
5905,南仁湖,tpex,觀光餐旅
5906,台南-KY,twse,貿易百貨
5907,大洋-KY,twse,貿易百貨
6004,元京證,twse,金融保險
6005,群益證,twse,金融保險
6012,金鼎證,twse,金融保險
6015,宏遠證,tpex,金融業
6016,康和證,tpex,金融業
6020,大展證,tpex,金融業
6021,美好證,tpex,金融業
6023,元大期,tpex,金融業
6024,群益期,twse,金融保險
6026,福邦證,tpex,金融業
6028,公勝保經,tpex,金融業
6101,寬魚國際,tpex,文化創意業
6103,合邦,tpex,半導體業
6104,創惟,tpex,半導體業
6108,競國,twse,電子工業
6109,亞元,tpex,通信網路業
6111,光聚晶電,tpex,文化創意業
6112,邁達特,twse,電子工業
6113,亞矽,tpex,電子通路業
6114,久威,tpex,電子零組件業
6115,鎰勝,twse,電子零組件業
6116,彩晶,twse,電子工業
6117,迎廣,twse,電腦及週邊設備業
6118,建達,tpex,電子通路業
6119,大傳,twse,電子通路業
6120,達運,twse,電子工業
6121,新普,tpex,電腦及週邊設備業
6122,擎邦,tpex,電機機械
6123,上奇,tpex,資訊服務業
6124,業強,tpex,電子零組件業
6125,廣運,tpex,電機機械
6126,信音,tpex,電子零組件業
6127,九豪,tpex,電子零組件業
6128,上福,twse,電腦及週邊設備業
6129,普誠,tpex,半導體業
6130,上亞科技,tpex,生技醫療業
6131,鈞泰,twse,光電業
6133,金橋,twse,電子零組件業
6134,萬旭,tpex,電子零組件業
6136,富爾特,twse,電子工業
6138,茂達,tpex,半導體業
6139,亞翔,twse,其他電子業
6140,訊達,tpex,資訊服務業
6141,柏承,twse,電子零組件業
6142,友勁,twse,電子工業
6143,振曜,tpex,通信網路業
6144,得利影,tpex,文化創意業
6145,勁永,twse,電子通路業
6146,耕興,tpex,其他電子類
6147,頎邦,tpex,半導體業
6148,驊宏資,tpex,資訊服務業
6150,撼訊,tpex,電腦及週邊設備業
6151,晉倫,tpex,其他電子類
6152,百一,twse,電子工業
6153,嘉聯益,twse,電子零組件業
6154,順發,tpex,電子通路業
6155,鈞寶,twse,電子零組件業
6156,松上,tpex,電子零組件業
6158,禾昌,tpex,電子零組件業
6160,欣技,tpex,電腦及週邊設備業
6161,捷波,tpex,電腦及週邊設備業
6163,華電網,tpex,資訊服務業
6164,華興,twse,電子工業
6165,浪凡,twse,數位雲端
6166,凌華,twse,電腦及週邊設備業
6167,久正,tpex,光電業
6168,宏齊,twse,光電業
6169,昱泉,tpex,文化創意業
6170,統振,tpex,通信網路業
6171,大城地產,tpex,建材營造
6172,互億,twse,電腦及週邊設備業
6173,信昌電,tpex,電子零組件業
6174,安碁,tpex,電子零組件業
6175,立敦,tpex,電子零組件業
6176,瑞儀,twse,電子工業
6177,達麗,twse,建材營造
6179,亞通,tpex,其他
6180,橘子,tpex,文化創意業
6182,合晶,tpex,半導體業
6183,關貿,twse,電子工業
6184,大豐電,twse,其他
6185,幃翔,tpex,電子零組件業
6186,新潤,tpex,建材營造
6187,萬潤,tpex,半導體業
6188,廣明,tpex,電腦及週邊設備業
6189,豐藝,twse,電子通路業
6190,萬泰科,tpex,通信網路業
6191,精成科,twse,電子零組件業
6192,巨路,twse,電子工業
6194,育富,tpex,電子零組件業
6195,詩肯,tpex,居家生活類
6196,帆宣,twse,電子工業
6197,佳必琪,twse,電子零組件業
6198,瑞築,tpex,建材營造
6199,天品,tpex,其他
6201,亞弘電,twse,電子工業
6202,盛群,twse,電子工業
6203,海韻電,tpex,電子零組件業
6204,艾華,tpex,電子零組件業
6205,詮欣,twse,電子工業
6206,飛捷,twse,電子工業
6207,雷科,tpex,電子零組件業
6208,日揚,tpex,半導體業
6209,今國光,twse,電子工業
6210,慶生,tpex,電子零組件業
6212,理銘,tpex,建材營造
6213,聯茂,twse,電子零組件業
6214,精誠,twse,資訊服務業
6215,和椿,twse,電子工業
6216,居易,twse,電子工業
6217,中探針,tpex,電子零組件業
6218,豪勉,tpex,通信網路業
6219,富旺,tpex,建材營造
6220,岳豐,tpex,電子零組件業
6221,晉泰,tpex,資訊服務業
6222,立軒,tpex,光電業
6223,旺矽,tpex,半導體業
6224,聚鼎,twse,電子零組件業
6225,天瀚,twse,電子工業
6226,光鼎,twse,電子工業
6227,茂綸,tpex,電子通路業
6228,全譜,tpex,電腦及週邊設備業
6229,研通,tpex,半導體業
6230,尼得科超眾,twse,電腦及週邊設備業
6231,系微,tpex,資訊服務業
6233,旺玖,tpex,半導體業
6234,高僑,tpex,光電業
6235,華孚,twse,電腦及週邊設備業
6236,中湛,tpex,數位雲端類
6237,驊訊,tpex,半導體業
6238,勝麗,tpex,其他電子類
6239,力成,twse,電子工業
6240,松崗,tpex,資訊服務業
6241,鑫永洋,tpex,通信網路業
6242,立康,tpex,生技醫療業
6243,迅杰,twse,電子工業
6244,茂迪,tpex,光電業
6245,立端,tpex,通信網路業
6246,臺龍,tpex,光電業
6247,淇譽電,tpex,其他電子類
6248,沛波,tpex,鋼鐵工業
6251,定穎,twse,電子零組件業
6255,奈普,twse,電子工業
6257,矽格,twse,電子工業
6259,百徽,tpex,電子零組件業
6261,久元,tpex,半導體業
6263,普萊德,tpex,通信網路業
6264,富裔,tpex,建材營造
6265,方土昶,tpex,電子通路業
6266,泰詠,tpex,電子零組件業
6269,台郡,twse,電子工業
6270,倍微,tpex,電子通路業
6271,同欣電,twse,電子工業
6272,驊陞,twse,電子零組件業
6274,台燿,tpex,電子零組件業
6275,元山,tpex,電子零組件業
6276,安鈦克,tpex,電腦及週邊設備業
6277,宏正,twse,電腦及週邊設備業
6278,台表科,twse,電子工業
6279,胡連,tpex,電子零組件業
6280,崇貿,twse,電子工業
6281,全國電,twse,電子通路業
6282,康舒,twse,電子零組件業
6283,淳安,twse,電子工業
6284,佳邦,tpex,電子零組件業
6285,啟碁,twse,通信網路業
6286,立錡,twse,半導體業
6287,元隆,tpex,半導體業
6288,聯嘉,twse,汽車工業
6289,華上,twse,光電業
6290,良維,tpex,電子零組件業
6291,沛亨,tpex,半導體業
6292,迅德,tpex,電子零組件業
6294,智基,tpex,文化創意業
6404,通訊-KY,tpex,資訊服務業
6405,悅城,twse,電子工業
6409,旭隼,twse,電子工業
6411,晶焱,tpex,半導體業
6412,群電,twse,電子零組件業
6414,樺漢,twse,電腦及週邊設備業
6415,矽力*-KY,twse,半導體業
6416,瑞祺電通,twse,通信網路業
6417,韋僑,tpex,通信網路業
6418,詠昇,tpex,電子零組件業
6419,京晨科,tpex,光電業
6422,君耀-KY,twse,電子零組件業
6423,億而得,tpex,半導體業
6425,易發,tpex,電機機械
6426,統新,twse,通信網路業
6431,光麗-KY,twse,生技醫療業
6432,今展科,tpex,電子零組件業
6435,大中,tpex,半導體業
6438,迅得,twse,其他電子業
6441,廣錠,tpex,電腦及週邊設備業
6442,光聖,twse,通信網路業
6443,元晶,twse,電子工業
6446,藥華藥,twse,化學生技醫療
6449,鈺邦,twse,電子工業
6451,訊芯-KY,twse,半導體業
6452,康友-KY,twse,化學生技醫療
6456,GIS-KY,twse,光電業
6457,紘康,tpex,半導體業
6461,益得,tpex,生技醫療業
6462,神盾,tpex,半導體業
6464,台數科,twse,其他
6465,威潤,tpex,通信網路業
6469,大樹,tpex,生技醫療業
6470,宇智,tpex,通信網路業
6472,保瑞,twse,化學生技醫療
6474,華豫寧,tpex,電子通路業
6477,安集,twse,光電業
6482,弘煜科,tpex,文化創意業
6485,點序,tpex,半導體業
6486,互動,tpex,通信網路業
6488,環球晶,tpex,半導體業
6491,晶碩,twse,生技醫療業
6492,生華科,tpex,生技醫療業
6494,九齊,tpex,半導體業
6496,科懋,tpex,生技醫療業
6497,亞獅康-KY,tpex,生技醫療業
6498,久禾光,tpex,光電業
6499,益安,tpex,生技醫療業
6504,南六,twse,其他
6505,台塑化,twse,油電燃氣業
6506,雙邦,tpex,紡織纖維
6508,惠光,tpex,農業科技業
6509,聚和,tpex,化學工業
6510,精測,tpex,半導體業
6512,啟發電,tpex,其他電子類
6514,芮特-KY,tpex,通信網路業
6515,穎崴,twse,半導體業
6516,勤崴國際,tpex,資訊服務業
6517,保勝光學,tpex,光電業
6523,達爾膚,tpex,生技醫療業
6525,捷敏-KY,twse,電子工業
6526,達發,twse,電子工業
6527,明達醫,tpex,生技醫療業
6530,創威,tpex,通信網路業
6531,愛普*,twse,半導體業
6532,瑞耘,tpex,半導體業
6533,晶心科,twse,半導體業
6534,正瀚-創,twse,創新板股票
6535,順藥,tpex,生技醫療業
6538,倉和,tpex,電子零組件業
6541,泰福-KY,twse,化學生技醫療
6542,隆中,tpex,文化創意業
6546,正基,tpex,通信網路業
6547,高端疫苗,tpex,生技醫療業
6548,長科*,tpex,半導體業
6550,北極星藥業-KY,twse,化學生技醫療
6552,易華電,twse,半導體業
6556,勝品,tpex,光電業
6558,興能高,twse,其他電子業
6560,欣普羅,tpex,光電業
6561,是方,tpex,通信網路業
6568,宏觀,tpex,半導體業
6569,醫揚,tpex,生技醫療業
6570,維田,tpex,電腦及週邊設備業
6573,虹揚-KY,twse,半導體業
6574,霈方,tpex,生技醫療業
6576,逸達,tpex,生技醫療業
6577,勁豐,tpex,電腦及週邊設備業
6578,達邦蛋白,tpex,農業科技業
6579,研揚,twse,電子工業
6581,鋼聯,twse,綠能環保
6582,申豐,twse,橡膠工業
6584,南俊國際,tpex,電子零組件業
6585,鼎基,twse,其他
6588,東典光電,tpex,通信網路業
6589,台康生技,twse,化學生技醫療
6590,普鴻,tpex,資訊服務業
6591,動力-KY,twse,電腦及週邊設備業
6592,和潤企業,twse,其他
6593,台灣銘板,tpex,資訊服務業
6594,展匯科,tpex,半導體業
6596,寬宏藝術,tpex,文化創意業
6597,立誠,tpex,電子零組件業
6598,ABC-KY,twse,生技醫療業
6603,富強鑫,tpex,電機機械
6605,帝寶,twse,汽車工業
6606,建德工業,twse,電機機械
6609,瀧澤科,tpex,電機機械
6612,奈米醫材,tpex,生技醫療業
6613,朋億*,tpex,其他電子類
6614,資拓宏宇,twse,數位雲端
6615,慧智,tpex,生技醫療業
6616,特昇-KY,tpex,居家生活類
6617,共信-KY,tpex,生技醫療業
6620,漢達,tpex,生技醫療業
6624,萬年清,tpex,綠能環保類
6625,必應,twse,其他
6629,泰金-KY,tpex,居家生活類
6637,醫影,tpex,生技醫療業
6640,均華,tpex,半導體業
6641,基士德-KY,twse,綠能環保
6642,富致,tpex,電子零組件業
6643,M31,tpex,半導體業
6645,金萬林-創,twse,生技醫療業
6649,台生材,tpex,生技醫療業
6651,全宇昕,tpex,半導體業
6654,天正國際,tpex,其他電子類
6655,科定,twse,其他
6657,華安,twse,化學生技醫療
6658,聯策,twse,電子工業
6661,威健生技,tpex,生技醫療業
6662,樂斯科,tpex,生技醫療業
6664,群翊,tpex,電子零組件業
6666,羅麗芬-KY,twse,生技醫療業
6667,信紘科,tpex,其他電子類
6668,中揚光,twse,電子工業
6669,緯穎,twse,電腦及週邊設備業
6670,復盛應用,twse,運動休閒
6671,三能-KY,twse,居家生活
6672,騰輝電子-KY,twse,電子零組件業
6674,鋐寶科技,twse,電子工業
6679,鈺太,tpex,半導體業
6680,鑫創電子,tpex,電腦及週邊設備業
6683,雍智科技,tpex,半導體業
6684,安格,tpex,半導體業
6689,伊雲谷,twse,數位雲端
6690,安碁資訊,tpex,數位雲端類
6691,洋基工程,twse,電子工業
6692,進能服,tpex,綠能環保類
6693,廣閎科,tpex,半導體業
6695,芯鼎,twse,電子工業
6697,東捷資訊,tpex,資訊服務業
6698,旭暉應材,twse,其他電子業
6702,興航,twse,航運業
6703,軒郁,tpex,生技醫療業
6706,惠特,twse,電子工業
6708,天擎,tpex,半導體業
6712,長聖,tpex,生技醫療業
6715,嘉基,twse,電子零組件業
6716,應廣,tpex,半導體業
6719,力智,twse,電子工業
6720,久昌,tpex,半導體業
6721,信實,tpex,其他
6722,輝創,twse,電子工業
6725,矽科宏晟,tpex,其他電子類
6727,亞泰金屬,tpex,電子零組件業
6728,上洋,tpex,居家生活類
6730,常廣,tpex,生技醫療業
6732,昇佳電子,tpex,半導體業
6733,博晟生醫,tpex,生技醫療業
6735,美達科技,tpex,其他電子類
6739,竹陞科技,tpex,其他電子類
6741,91APP*-KY,tpex,數位雲端類
6742,澤米,twse,電子工業
6743,安普新,twse,電子工業
6747,亨泰光,tpex,生技醫療業
6751,智聯服務,tpex,資訊服務業
6752,叡揚,tpex,資訊服務業
6753,龍德造船,twse,航運業
6754,匯僑設計,twse,居家生活
6756,威鋒電子,twse,電子工業
6757,台灣虎航,twse,航運業
6761,穩得,tpex,電子零組件業
6762,達亞,tpex,生技醫療業
6763,綠界科技*,tpex,數位雲端類
6767,台微醫,tpex,生技醫療業
6768,志強-KY,twse,運動休閒
6770,力積電,twse,電子工業
6771,平和環保-創,twse,綠能環保
6776,展碁國際,twse,電子通路業
6781,AES-KY,twse,電子零組件業
6782,視陽,twse,化學生技醫療
6785,昱展新藥,tpex,生技醫療業
6788,華景電,tpex,半導體業
6789,采鈺,twse,電子工業
6790,永豐實,twse,造紙工業
6791,虎門科技,tpex,資訊服務業
6792,詠業,twse,電子工業
6794,向榮生技,twse,生技醫療業
6796,晉弘,twse,生技醫療業
6799,來頡,twse,電子工業
6803,崑鼎,tpex,綠能環保類
6804,明係,tpex,運動休閒類
6805,富世達,twse,電子零組件業
6806,森崴能源,twse,綠能環保
6807,峰源-KY,twse,居家生活
6811,宏碁資訊,tpex,數位雲端類
6821,聯寶,tpex,電子零組件業
6823,濾能,tpex,半導體業
6829,千附精密,tpex,半導體業
6830,汎銓,twse,電子工業
6831,邁科,twse,電腦及週邊設備業
6834,天二科技,twse,電子零組件業
6835,圓裕,twse,電子工業
6838,台新藥,twse,生技醫療業
6840,東研信超,tpex,其他電子類
6841,長佳智能,tpex,生技醫療業
6843,進典,tpex,電機機械
6844,諾貝兒,tpex,生技醫療業
6846,綠茵,tpex,食品工業
6854,錼創科技-KY創,twse,電子工業
6855,數泓科,tpex,其他電子類
6856,鑫傳,tpex,文化創意業
6859,伯特光,tpex,光電業
6861,睿生光電,twse,生技醫療業
6862,三集瑞-KY,twse,電子零組件業
6863,永道-KY,twse,電子工業
6865,偉康科技,tpex,數位雲端類
6869,雲豹能源,twse,綠能環保
6870,騰雲,tpex,數位雲端類
6872,浩宇生醫,tpex,生技醫療業
6873,泓德能源,twse,綠能環保
6874,倍力,tpex,資訊服務業
6875,國邑*,tpex,生技醫療業
6877,鏵友益,tpex,其他電子類
6881,潤德,tpex,其他
6884,海柏特,tpex,資訊服務業
6885,全福生技,twse,生技醫療業
6887,寶綠特-KY,twse,綠能環保
6890,來億-KY,twse,運動休閒
6894,衛司特,tpex,綠能環保類
6895,宏碩系統,tpex,半導體業
6899,創為精密,tpex,光電業
6901,鑽石投資,twse,其他
6902,GOGOLOOK,twse,數位雲端
6903,巨漢,tpex,其他電子類
6904,伯鑫,tpex,其他
6906,現觀科,twse,數位雲端
6907,雅特力-KY,tpex,半導體業
6908,宏碁遊戲-創,twse,電子通路業
6909,創控,twse,電子工業
6910,德鴻,tpex,數位雲端類
6913,鴻呈,tpex,電子零組件業
6914,阜爾運通,twse,其他
6916,華凌,twse,電子工業
6918,愛派司,twse,生技醫療業
6919,康霈*,twse,生技醫療業
6921,嘉雨思-創,twse,電子工業
6922,宸曜,tpex,電腦及週邊設備業
6923,中台,twse,綠能環保
6924,榮惠-KY創,twse,電子零組件業
6925,意藍,tpex,數位雲端類
6928,攸泰科技,twse,電子工業
6929,佑全,tpex,生技醫療業
6931,青松健康,twse,生技醫療業
6933,AMAX-KY,twse,電腦及週邊設備業
6934,心誠鎂,twse,生技醫療業
6936,永鴻生技,twse,生技醫療業
6937,天虹,twse,電子工業
6944,兆聯實業,twse,綠能環保
6945,圓祥生技,tpex,生技醫療業
6949,沛爾生醫-創,twse,創新板股票
6951,青新-創,twse,創新板股票
6952,大武山,twse,其他
6953,家碩,tpex,半導體業
6955,邦睿生技-創,twse,生技醫療業
6957,裕慶-KY,twse,其他
6958,日盛台駿,twse,其他
6961,旅天下,tpex,觀光餐旅
6962,奕力-KY,twse,電子工業
6965,中傑-KY,twse,運動休閒
6967,汎瑋材料,tpex,電子零組件業
6968,萬達寵物,tpex,居家生活類
6969,成信實業*-創,twse,綠能環保
6971,惠民實業,tpex,綠能環保類
6982,大井泵浦,tpex,電機機械
6983,華洋精機,tpex,其他電子類
6988,威力暘-創,twse,汽車工業
6994,富威電力,twse,綠能環保
6996,力領科技,tpex,半導體業
6997,博弘,tpex,數位雲端類
7402,邑錡,tpex,光電業
7547,碩網,tpex,數位雲端類
7556,意德士,tpex,半導體業
7584,樂意,tpex,文化創意業
7610,聯友金屬-創,twse,綠能環保
7631,聚賢研發-創,twse,電子工業
7642,昶瑞機電,tpex,電機機械
7703,銳澤,tpex,其他電子類
7704,明遠精密,tpex,半導體業
7705,三商餐飲,twse,觀光餐旅
7708,全家餐飲,tpex,觀光餐旅
7709,榮田,tpex,電機機械
7711,永擎,twse,電子工業
7712,博盛半導體,tpex,半導體業
7713,威力德生醫,tpex,生技醫療業
7714,創泓科技,tpex,數位雲端類
7715,裕山,tpex,綠能環保類
7716,昱臺國際,tpex,航運業
7717,萊德光電-KY,tpex,通信網路業
7718,友鋮,tpex,電機機械
7721,微程式,twse,數位雲端
7722,LINEPAY,twse,數位雲端
7723,築間,tpex,觀光餐旅
7728,光焱科技,tpex,其他電子類
7730,暉盛-創,twse,電子工業
7732,金興精密,twse,汽車工業
7734,印能科技,tpex,半導體業
7736,虎山,twse,汽車工業
7738,東聯互動,tpex,數位雲端類
7740,熙特爾-創,twse,綠能環保
7743,金利食安,tpex,食品工業
7744,崴寶,tpex,電子零組件業
7747,昕奇雲端,tpex,數位雲端類
7749,意騰-KY,twse,電子工業
7750,新代,twse,電機機械
7751,竑騰,tpex,半導體業
7753,星亞,tpex,光電業
7757,金色三麥,tpex,觀光餐旅
7760,享溫馨,twse,觀光餐旅
7765,中華資安,twse,數位雲端
7767,仁大資訊,tpex,資訊服務業
7768,頌勝科技,twse,半導體業
7769,鴻勁,twse,電子工業
7770,君曜,tpex,半導體業
7772,耀穎,tpex,半導體業
7777,能率亞洲,tpex,其他
7780,大研生醫*,twse,食品工業
7782,光速火箭,tpex,居家生活類
7786,東方風能,twse,綠能環保
7788,松川精密,twse,電子零組件業
7791,皇家可口,twse,食品工業
7792,安葆,tpex,其他電子類
7794,宏碁智新,tpex,居家生活類
7795,長廣,twse,電子工業
7799,禾榮科,twse,生技醫療業
7803,雲象科技-創,twse,生技醫療業
7805,威聯通,tpex,數位雲端類
7810,捷創科技,tpex,半導體業
7811,民盛,tpex,運動休閒類
7818,溢泰實業,twse,綠能環保
7819,精誠金融,tpex,資訊服務業
7820,立盈,tpex,綠能環保類
7821,神數,twse,汽車工業
7822,倍利科,twse,半導體業
7823,奧義賽博-KY創,twse,創新板股票
7827,漢康-KY創,twse,生技醫療業
7828,創新服務,tpex,半導體業
7842,天能綠電,tpex,綠能環保類
8008,建興電,twse,電子工業
8011,台通,twse,電子工業
8016,矽創,twse,電子工業
8021,尖點,twse,電子工業
8024,佑華,tpex,半導體業
8027,鈦昇,tpex,電機機械
8028,昇陽半導體,twse,電子工業
8032,光菱,tpex,電子通路業
8033,雷虎,twse,其他
8034,榮群,tpex,通信網路業
8038,長園科,tpex,電子零組件業
8039,台虹,twse,電子零組件業
8040,九暘,tpex,半導體業
8042,金山電,tpex,電子零組件業
8043,蜜望實,tpex,電子零組件業
8044,網家,tpex,數位雲端類
8045,達運光電,twse,通信網路業
8046,南電,twse,電子工業
8047,星雲,tpex,其他電子類
8048,德勝,tpex,通信網路業
8049,晶采,tpex,光電業
8050,廣積,tpex,電腦及週邊設備業
8054,安國,tpex,半導體業
8059,凱碩,tpex,通信網路業
8064,東捷,tpex,光電業
8066,來思達,tpex,居家生活類
8067,志旭,tpex,電子通路業
8068,全達,tpex,電子通路業
8069,元太,tpex,光電業
8070,長華*,twse,電子通路業
8071,能率網通,tpex,電子零組件業
8072,陞泰,twse,電子通路業
8074,鉅橡,tpex,電子零組件業
8076,伍豐,tpex,電腦及週邊設備業
8077,洛碁,tpex,觀光餐旅
8078,華寶,twse,電子工業
8080,泰霖,tpex,建材營造
8081,致新,twse,電子工業
8083,瑞穎,tpex,電機機械
8084,巨虹,tpex,電子通路業
8085,福華,tpex,其他電子類
8086,宏捷科,tpex,半導體業
8087,麗升能源,tpex,綠能環保類
8088,品安,tpex,半導體業
8089,康全電訊,tpex,通信網路業
8091,翔名,tpex,半導體業
8092,建暐,tpex,其他電子類
8093,保銳,tpex,電子零組件業
8096,擎亞,tpex,電子通路業
8097,常珵,tpex,通信網路業
8099,大世科,tpex,資訊服務業
8101,華冠,twse,電子工業
8102,傑霖科技,tpex,半導體業
8103,瀚荃,twse,電子零組件業
8104,錸寶,twse,電子工業
8105,凌巨,twse,電子工業
8107,大億金茂,tpex,電機機械
8109,博大,tpex,電子零組件業
8110,華東,twse,半導體業
8111,立碁,tpex,光電業
8112,至上,twse,電子工業
8114,振樺電,twse,電腦及週邊設備業
8121,越峰,tpex,電子零組件業
8131,福懋科,twse,電子工業
8147,正淩,tpex,電子零組件業
8150,南茂,twse,電子工業
8155,博智,tpex,電子零組件業
8162,微矽電子-創,twse,電子工業
8163,達方,twse,電腦及週邊設備業
8171,天宇,tpex,綠能環保類
8176,智捷,tpex,通信網路業
8182,加高,tpex,電子零組件業
8183,精星,tpex,其他電子類
8199,廣鎵,twse,光電業
8201,無敵,twse,電子工業
8210,勤誠,twse,電腦及週邊設備業
8213,志超,twse,電子零組件業
8215,明基材,twse,電子工業
8222,寶一,twse,電機機械
8227,巨有科技,tpex,半導體業
8234,新漢,tpex,電腦及週邊設備業
8240,華宏,tpex,光電業
8249,菱光,twse,電子零組件業
8255,朋程,tpex,電機機械
8261,富鼎,twse,電子工業
8271,宇瞻,twse,電子工業
8272,全景軟體,tpex,資訊服務業
8277,商丞,tpex,半導體業
8279,生展,tpex,生技醫療業
8284,三竹,tpex,資訊服務業
8289,泰藝,tpex,電子零組件業
8291,尚茂,tpex,電子零組件業
8299,群聯,tpex,半導體業
8341,日友,twse,綠能環保
8342,益張,tpex,其他
8349,恒耀,tpex,鋼鐵工業
8354,冠好,tpex,其他
8358,金居,tpex,電子零組件業
8367,建新國際,twse,航運業
8374,羅昇,twse,電機機械
8383,千附,tpex,半導體業
8390,金益鼎,tpex,綠能環保類
8401,白紗科,tpex,其他
8403,盛弘,tpex,生技醫療業
8404,百和興業-KY,twse,其他
8406,金可-KY,tpex,生技醫療業
8409,商之器,tpex,生技醫療業
8410,森田,tpex,電腦及週邊設備業
8411,福貞-KY,twse,其他
8415,大國鋼,tpex,鋼鐵工業
8416,實威,tpex,資訊服務業
8418,捷必勝-KY,tpex,其他
8420,明揚,tpex,運動休閒類
8421,旭源,tpex,其他
8422,可寧衛*,twse,綠能環保
8423,保綠-KY,tpex,綠能環保類
8424,惠普,tpex,建材營造
8426,紅木-KY,tpex,其他
8427,基勝-KY,twse,其他
8429,金麗-KY,twse,貿易百貨
8431,匯鑽科,tpex,其他電子類
8432,東生華,tpex,生技醫療業
8433,弘帆,tpex,居家生活類
8435,鉅邁,tpex,其他
8436,大江,tpex,生技醫療業
8437,大地-KY,tpex,其他
8438,昶昕,twse,綠能環保
8440,綠電,tpex,綠能環保類
8442,威宏-KY,twse,其他
8443,阿瘦,twse,貿易百貨
8444,綠河-KY,tpex,其他
8446,華研,tpex,文化創意業
8450,霹靂,tpex,文化創意業
8454,富邦媒,twse,數位雲端
8455,大拓-KY,tpex,其他電子類
8462,柏文,twse,運動休閒
8463,潤泰材,twse,其他
8464,億豐,twse,居家生活
8466,美吉吉-KY,twse,其他
8467,波力-KY,twse,運動休閒
8472,夠麻吉,tpex,數位雲端類
8473,山林水,twse,綠能環保
8476,台境*,twse,綠能環保
8477,創業家,tpex,數位雲端類
8478,東哥遊艇,twse,運動休閒
8480,泰昇-KY,twse,其他
8481,政伸,twse,其他
8482,商億-KY,twse,居家生活
8487,愛爾達-創,twse,創新板股票
8488,吉源-KY,twse,其他
8489,三貝德,tpex,其他
8497,格威傳媒,twse,其他
8499,鼎炫-KY,twse,電子工業
8905,裕國,tpex,其他
8906,花王,tpex,其他
8908,欣雄,tpex,油電燃氣業
8916,光隆,tpex,其他
8917,欣泰,tpex,油電燃氣業
8921,沈氏,tpex,其他
8923,時報,tpex,文化創意業
8924,大田,tpex,運動休閒類
8926,台汽電,twse,油電燃氣業
8927,北基,tpex,油電燃氣業
8928,鉅明,tpex,運動休閒類
8929,富堡,tpex,其他
8930,青鋼,tpex,鋼鐵工業
8931,大汽電,tpex,油電燃氣業
8932,智通*,tpex,數位雲端類
8933,愛地雅,tpex,運動休閒類
8934,衡平,tpex,其他
8935,邦泰,tpex,其他
8936,國統,tpex,其他
8937,合騏*,tpex,其他
8938,明安,tpex,運動休閒類
8940,新天地,twse,觀光餐旅
8941,關中,tpex,居家生活類
8942,森鉅,tpex,其他
8996,高力,twse,電機機械
9101,福雷電,twse,存託憑證
9102,東亞科,twse,存託憑證
9103,美德醫療-DR,twse,存託憑證
9104,萬宇科,twse,存託憑證
9105,泰金寶-DR,twse,存託憑證
9106,新焦點-DR,twse,存託憑證
9110,越南控-DR,twse,存託憑證
9136,巨騰-DR,twse,存託憑證
9151,旺旺,twse,存託憑證
9157,陽光能源-DR,twse,存託憑證
9188,精熙-DR,twse,存託憑證
9801,力霸,twse,貿易百貨
9802,鈺齊-KY,twse,運動休閒
9902,台火,twse,其他
9904,寶成,twse,運動休閒
9905,大華,twse,其他
9906,欣巴巴,twse,建材營造
9907,統一實,twse,其他
9908,大台北,twse,油電燃氣業
9910,豐泰,twse,運動休閒
9911,櫻花,twse,居家生活
9912,偉聯,twse,電腦及週邊設備業
9914,美利達,twse,運動休閒
9915,億豐,twse,其他
9917,中保科,twse,其他
9918,欣天然,twse,油電燃氣業
9919,康那香,twse,其他
9921,巨大,twse,運動休閒
9922,優美,twse,其他
9924,福興,twse,居家生活
9925,新保,twse,其他
9926,新海,twse,油電燃氣業
9927,泰銘,twse,其他
9928,中視,twse,其他
9929,秋雨,twse,其他
9930,中聯資源,twse,綠能環保
9931,欣高,twse,油電燃氣業
9933,中鼎,twse,其他
9934,成霖,twse,居家生活
9935,慶豐富,twse,居家生活
9937,全國,twse,油電燃氣業
9938,百和,twse,其他
9939,宏全,twse,其他
9940,信義,twse,其他
9941,裕融,twse,其他
9942,茂順,twse,其他
9943,好樂迪,twse,觀光餐旅
9944,新麗,twse,其他
9945,潤泰新,twse,其他
9946,三發地產,twse,建材營造
9949,琉園,tpex,文化創意業
9950,萬國通,tpex,塑膠工業
9951,皇田,tpex,電機機械
9955,佳龍,twse,綠能環保
9958,世紀鋼,twse,鋼鐵工業
9960,邁達康,tpex,運動休閒類
9962,有益,tpex,鋼鐵工業
